recipe_id,recipe,building_id,tech_rank,primary_output,deployed_output_qty,deployed_labour_unskilled,deployed_labour_skilled,deployed_labour_h_skilled,target_policy,target_profit,target_min,target_max,gross_market_revenue,market_input_bill,grid_power_bill,maintenance_bill,labour_bill,production_margin_before_market_freight,one_turn_inbound_freight,one_turn_outbound_freight,one_turn_working_inventory_warehouse_reserve,cash_before_tax_after_one_turn_freight,cash_before_tax_after_one_turn_freight_and_warehouse,taxes,dividends,net_cash_after_tax_dividends,in_target_after_one_turn_friction_before_tax,freight_assumption
r_001,Coal Mining,mine,0,coal,60.0,1806,273,50,start-unlocked after freight and warehouse reserve,7.5,5.0,10.0,24.0,0,3.0,2.0,10.0,9.0,0.0,0.9,0.6,8.1,7.5,1.5,1.2,4.8,mine exception,rail_1_turn
r_002,Iron Mining,mine,0,iron_ore,40.0,1806,273,50,start-unlocked after freight and warehouse reserve,7.5,5.0,10.0,23.48,0,3.0,2.0,10.0,8.48,0.0,0.6,0.4,7.88,7.48,1.496,1.197,4.787,mine exception,rail_1_turn
r_003,Steelmaking,furnace,0,steel,48.0,1144,429,50,start-unlocked after freight and warehouse reserve,7.5,5.0,10.0,88.08,49.896,14.0,1.0,9.379,13.805,0.9,0.72,1.08,12.185,11.105,2.221,1.777,7.107,False,rail_1_turn
r_004,Power Production,coal_power,0,power,600.0,500,208,109,start-unlocked after freight and warehouse reserve,7.5,5.0,10.0,36.0,17.724,0.0,2.0,7.085,9.191,0.9,0.0,0.8,8.291,7.491,1.498,1.199,4.794,True,grid+pipe_1_turn+rail_1_turn
r_005,Pig Iron Smelting,furnace,0,iron_ingots,70.0,1144,429,50,start-unlocked after freight and warehouse reserve,7.5,5.0,10.0,69.16,33.054,14.0,1.0,9.379,11.727,0.9,1.05,1.3,9.777,8.477,1.695,1.356,5.425,True,rail_1_turn
r_006,Copper Mining,mine,0,copper_ore,36.0,1806,273,50,start-unlocked after freight and warehouse reserve,7.5,5.0,10.0,23.4,0,3.0,2.0,10.0,8.4,0.0,0.54,0.36,7.86,7.5,1.5,1.2,4.8,mine exception,rail_1_turn
r_007,Copper Blistering,furnace,0,copper_ingots,24.0,964,362,50,start-unlocked after freight and warehouse reserve,7.5,5.0,10.0,56.736,24.57,14.0,1.0,8.16,9.006,0.54,0.36,0.6,8.106,7.506,1.501,1.201,4.804,True,rail_1_turn
r_008,Copper Wire Drawing,industrial_factory,0,copper_wiring,32.0,4895,1836,186,start-unlocked after freight and warehouse reserve,7.5,5.0,10.0,122.56,59.573,8.0,7.0,39.242,8.746,0.36,0.32,0.56,8.066,7.506,1.501,1.201,4.804,True,rail_1_turn
r_009,Motor Manufacture,industrial_factory,0,motor,28.0,7114,2668,270,start-unlocked after freight and warehouse reserve,7.5,5.0,10.0,263.088,186.491,3.0,7.0,57.018,9.58,0.77,0.42,0.9,8.39,7.49,1.498,1.198,4.794,True,rail_1_turn
r_010,Salt Mining,mine,0,basic_salt,25.0,1806,273,50,start-unlocked after freight and warehouse reserve,7.5,5.0,10.0,22.5,0,3.0,2.0,10.0,7.5,0.0,0.525,0.35,6.975,6.625,1.325,1.06,4.24,mine exception,rail_1_turn
r_011,Water Pumping,water_pump,0,pure_water,48.0,1197,182,50,start-unlocked after freight and warehouse reserve,7.5,5.0,10.0,21.312,0,2.0,1.0,7.178,11.134,0.0,1.44,1.44,9.694,8.254,1.651,1.321,5.283,mine exception,pipe_1_turn
r_012,Chlor-Alkali Process,chem_plant,0,chlorine,22.0,4472,1677,169,start-unlocked after freight and warehouse reserve,7.5,5.0,10.0,123.64,43.613,20.0,4.0,35.818,20.21,1.98,2.64,10.56,15.59,5.03,1.006,0.805,3.219,True,pipe_1_turn+rail_1_turn
r_014,Oil Drilling,oil_well,0,crude_oil,20.0,1498,231,50,start-unlocked after freight and warehouse reserve,7.5,5.0,10.0,21.32,0,3.0,1.0,8.611,8.709,0.0,0.6,0.6,8.109,7.509,1.502,1.201,4.806,mine exception,pipe_1_turn
r_015,Bauxite Mining,mine,0,bauxite_ore,20.0,1806,273,50,start-unlocked after freight and warehouse reserve,7.5,5.0,10.0,23.0,0,3.0,2.0,10.0,8.0,0.0,0.3,0.2,7.7,7.5,1.5,1.2,4.8,mine exception,rail_1_turn
r_016,Lithium Mining,mine,0,lithium_ore,8.0,1806,273,50,start-unlocked after freight and warehouse reserve,7.5,5.0,10.0,22.704,0,3.0,2.0,10.0,7.704,0.0,0.12,0.08,7.584,7.504,1.501,1.201,4.803,mine exception,rail_1_turn
r_017,Rare Earth Mining,mine,0,ree_ore,12.0,1806,273,50,start-unlocked after freight and warehouse reserve,7.5,5.0,10.0,22.8,0,3.0,2.0,10.0,7.8,0.0,0.18,0.12,7.62,7.5,1.5,1.2,4.8,mine exception,rail_1_turn
r_018,Sand Excavation,mine,0,sand,45.0,1806,273,50,start-unlocked after freight and warehouse reserve,7.5,5.0,10.0,23.625,0,3.0,2.0,10.0,8.625,0.0,0.675,0.45,7.95,7.5,1.5,1.2,4.8,mine exception,rail_1_turn
r_019,Limestone Mining,mine,0,limestone,25.0,1806,273,50,start-unlocked after freight and warehouse reserve,7.5,5.0,10.0,23.125,0,3.0,2.0,10.0,8.125,0.0,0.375,0.25,7.75,7.5,1.5,1.2,4.8,mine exception,rail_1_turn
r_020,Flash Copper Smelting,furnace,2,copper_ingots,36.0,937,352,50,rank II default,30.0,20.0,60.0,85.104,28.287,14.0,1.0,7.978,33.839,0.57,0.54,1.06,32.729,31.669,6.334,5.067,20.268,True,pipe_1_turn+rail_1_turn
r_022,Fuels Refining,petro_refinery,0,fuels,22.0,756,287,50,start-unlocked after freight and warehouse reserve,7.5,5.0,10.0,52.074,27.877,7.0,1.0,6.774,9.422,0.3,0.66,0.96,8.462,7.502,1.5,1.2,4.801,True,pipe_1_turn
r_023,Ethylene Refining,petro_refinery,0,ethylene,13.0,756,287,50,ethylene keeps the upper starter margin,5.0,0.0,5.0,49.946,27.877,7.0,1.0,6.774,7.294,0.3,0.39,1.6,6.604,5.004,1.001,0.801,3.203,False,pipe_1_turn
r_024,Plastics Manufacturing,poly_plant,0,plastics,12.0,553,329,66,plastics keeps the upper starter margin,5.0,0.0,5.0,61.92,40.341,7.0,1.0,7.04,6.539,0.3,0.12,1.12,6.119,4.999,1.0,0.8,3.199,True,pipe_1_turn+rail_1_turn
r_025,Basic Oxygen Steelmaking,furnace,1,steel,40.0,804,302,50,rank I default,15.0,5.0,30.0,73.4,23.213,14.0,1.0,7.072,28.115,0.42,0.6,0.92,27.095,26.175,5.235,4.188,16.752,True,pipe_1_turn+rail_1_turn
r_026,Copper Pipe Hot Rolling,furnace,0,copper_pipe,18.0,616,231,50,start-unlocked after freight and warehouse reserve,7.5,5.0,10.0,54.324,32.269,7.0,1.0,5.789,8.267,0.195,0.27,0.31,7.802,7.492,1.498,1.199,4.795,True,rail_1_turn
r_028,Synthetic Rubber Production,poly_plant,0,rubber,17.0,553,329,66,start-unlocked after freight and warehouse reserve,7.5,5.0,10.0,66.096,41.391,7.0,1.0,7.04,9.665,0.42,0.17,1.57,9.075,7.505,1.501,1.201,4.803,True,pipe_1_turn+rail_1_turn
r_029,Concrete Firing,furnace,0,concrete,22.0,1078,405,50,start-unlocked after freight and warehouse reserve,7.5,5.0,10.0,86.306,54.044,14.0,1.0,8.938,8.325,0.825,0.33,0.87,7.17,6.3,1.26,1.008,4.032,True,pipe_1_turn+rail_1_turn
r_030,Electric Concrete Production,eaf,0,concrete,28.0,2158,819,81,start-unlocked after freight and warehouse reserve,7.5,5.0,10.0,109.844,66.555,14.0,2.0,17.36,9.929,0.96,0.42,1.05,8.549,7.499,1.5,1.2,4.799,True,pipe_1_turn+rail_1_turn
r_031,Direct Reduced Iron Smelting,furnace,1,iron_ingots,80.0,951,357,50,rank I default,15.0,5.0,30.0,79.04,35.816,14.0,1.0,8.07,20.154,0.6,1.2,1.6,18.354,16.754,3.351,2.681,10.723,True,pipe_1_turn+rail_1_turn
r_032,Lithium Ion Battery Manufacturing,industrial_factory,1,lithium_battery,6.0,4239,1590,161,lithium batteries should be deliberately unprofitable,-10.0,-50.0,-1.0,150.0,132.294,2.0,7.0,33.981,-25.275,0.27,0.09,0.24,-25.635,-25.875,0.0,0.0,-25.875,True,rail_1_turn
r_033,Construction Equiment Assembly (ICE),industrial_factory,0,construction_equipment_ice,12.0,7114,2668,270,start-unlocked after freight and warehouse reserve,7.5,5.0,10.0,420.408,335.765,2.0,7.0,57.018,18.626,1.02,0.36,0.98,17.246,16.266,3.253,2.602,10.41,False,pipe_1_turn+rail_1_turn
r_034,Construction Equipment Assembly (EV),industrial_factory,2,construction_equipment_ev,12.0,6319,2370,240,rank II default,30.0,20.0,60.0,399.492,298.929,2.0,7.0,50.653,40.91,0.52,0.36,0.52,40.03,39.51,7.902,6.322,25.287,True,rail_1_turn
r_035,Silica Washing,petro_refinery,0,silica,13.0,882,335,50,start-unlocked after freight and warehouse reserve,7.5,5.0,10.0,34.489,10.175,7.0,1.0,7.638,8.676,0.45,0.195,0.53,8.031,7.501,1.5,1.2,4.801,True,pipe_1_turn+rail_1_turn
r_037,Onshore wind generation,onshore_wind_farm,0,power,228.0,500,100,50,start-unlocked after freight and warehouse reserve,7.5,5.0,10.0,13.68,0,0.0,2.0,4.16,7.52,0.0,0.0,0.0,7.52,7.52,1.504,1.203,4.813,True,grid
r_038,Gas Combined Cycle Turbines,coal_power,0,power,430.0,500,126,66,start-unlocked after freight and warehouse reserve,7.5,5.0,10.0,25.8,11.151,0.0,2.0,4.922,7.727,0.12,0.0,0.12,7.607,7.487,1.497,1.198,4.792,True,grid+pipe_1_turn
r_039,Lithium Electrolysis,electrolyser,3,lithium_carbonate,9.0,654,1176,1895,lithium electrolysis remains a modest advanced route,20.0,15.0,25.0,59.877,32.779,16.0,1.0,74.022,-63.924,0.165,0.135,0.2,-64.224,-64.424,0.0,0.0,-64.424,False,rail_1_turn
r_040,Bayer Process,furnace,0,alumina,30.0,851,319,50,alumina supports the aluminium starter chain,3.6,0.0,5.0,59.16,30.87,14.0,1.0,7.386,5.904,0.54,0.45,1.3,4.914,3.614,0.723,0.578,2.313,True,pipe_1_turn+rail_1_turn
r_041,Rare Earth Reduction,electrolyser,0,refined_ree,6.0,915,343,50,start-unlocked after freight and warehouse reserve,7.5,5.0,10.0,69.948,27.93,24.0,1.0,7.821,9.197,0.45,0.09,1.16,8.657,7.497,1.499,1.2,4.798,True,pipe_1_turn+rail_1_turn
r_042,Bio-Graphitisation,furnace,3,graphite,22.0,682,256,50,rank III default,60.0,30.0,100.0,199.562,57.164,24.0,1.0,6.24,111.158,0.3,0.33,0.58,110.528,109.948,21.99,17.592,70.367,False,pipe_1_turn+rail_1_turn
r_044,Silicon Smelting,eaf,0,metallurgical_silicon,20.0,1162,441,50,start-unlocked after freight and warehouse reserve,7.5,5.0,10.0,70.56,36.257,14.0,2.0,9.552,8.752,0.45,0.3,0.5,8.002,7.502,1.5,1.2,4.801,True,rail_1_turn
r_045,Polysilicon (Siemens) Smelting,chem_plant,0,polysilicon,3.0,2408,903,91,start-unlocked after freight and warehouse reserve,7.5,5.0,10.0,73.509,18.522,24.0,4.0,19.286,7.701,0.075,0.045,0.08,7.581,7.501,1.5,1.2,4.8,True,rail_1_turn
r_046,Haber Bosch Process,chem_plant,0,ammonia,30.0,2809,1054,107,start-unlocked after freight and warehouse reserve,7.5,5.0,10.0,105.99,51.458,14.0,4.0,22.531,14.0,0.6,0.9,5.0,12.5,7.5,1.5,1.2,4.8,True,pipe_1_turn
r_047,Fertilisers Production,chem_plant,0,fertilisers,24.0,2809,1054,107,start-unlocked after freight and warehouse reserve,7.5,5.0,10.0,291.936,41.895,7.0,4.0,22.531,216.51,0.4,0.36,1.16,215.75,214.59,42.918,34.334,137.337,False,pipe_1_turn+rail_1_turn
r_050,Aluminium (Hall Heroult) Smelting,furnace,0,aluminium,20.0,851,319,50,aluminium keeps the upper starter margin,5.0,0.0,5.0,113.82,75.236,24.0,1.0,7.386,6.199,0.42,0.3,0.48,5.479,4.999,1.0,0.8,3.199,True,rail_1_turn
r_051,Desalination,desal,0,pure_water,40.0,1631,252,50,start-unlocked after freight and warehouse reserve,7.5,5.0,10.0,27.76,0,7.0,1.0,9.238,10.522,0.0,1.425,1.35,9.097,7.747,1.549,1.239,4.958,True,pipe_1_turn+rail_1_turn
r_053,Industrial Glassmaking,furnace,0,glass,32.0,1114,418,50,start-unlocked after freight and warehouse reserve,7.5,5.0,10.0,67.296,32.839,14.0,1.0,9.178,10.28,0.855,0.32,1.61,9.105,7.495,1.499,1.199,4.797,True,pipe_1_turn+rail_1_turn
r_054,High Strength Glassmaking,furnace,1,glass,31.0,616,231,50,rank I default,15.0,5.0,30.0,65.193,29.037,14.0,1.0,5.789,15.368,0.21,0.31,0.45,14.848,14.398,2.88,2.304,9.214,True,rail_1_turn
r_055,uPVC Window Manufacturing,industrial_factory,0,windows,18.0,6552,2457,248,start-unlocked after freight and warehouse reserve,7.5,5.0,10.0,206.55,136.242,2.0,7.0,52.49,8.819,0.43,0.27,0.61,8.119,7.509,1.502,1.201,4.806,True,rail_1_turn
r_056,Window Manufacturing,industrial_factory,0,windows,17.0,6159,2310,293,start-unlocked after freight and warehouse reserve,7.5,5.0,10.0,195.075,121.584,4.0,7.0,51.261,11.23,0.43,0.255,0.55,10.545,9.995,1.999,1.599,6.397,True,rail_1_turn
r_057,Building Frame Manufacture,assembly_plant,0,building_frame,26.0,5208,4631,1559,start-unlocked after freight and warehouse reserve,7.5,5.0,10.0,381.238,245.681,2.0,13.0,111.011,9.546,0.6,0.78,0.66,8.166,7.506,1.501,1.201,4.804,True,rail_1_turn
r_058,Solar Panel Manufacturing,assembly_plant,0,solar_panel,8.0,4435,3943,1328,start-unlocked after freight and warehouse reserve,7.5,5.0,10.0,246.744,128.654,2.0,13.0,94.541,8.549,0.435,0.24,0.37,7.874,7.504,1.501,1.201,4.802,True,rail_1_turn
r_059,Wind Turbine Manufacturing,assembly_plant,0,wind_turbine,3.0,3157,2807,945,start-unlocked after freight and warehouse reserve,7.5,5.0,10.0,207.273,117.134,2.0,13.0,67.29,7.85,0.13,0.09,0.13,7.63,7.5,1.5,1.2,4.8,True,rail_1_turn
r_060,Durable Perovskite Solar Panels,assembly_plant,3,solar_panel,12.0,3157,2807,945,research-unlocked solar panels should be modestly profitable,50.0,40.0,60.0,370.116,191.981,2.0,13.0,67.29,95.845,0.18,0.36,0.25,95.305,95.055,19.011,15.209,60.835,False,rail_1_turn
r_061,Segmented Assembly Wind Turbines,assembly_plant,2,wind_turbine,3.0,3157,2807,945,rank II default,30.0,20.0,60.0,207.273,92.524,2.0,13.0,67.29,32.459,0.11,0.09,0.11,32.259,32.149,6.43,5.144,20.576,True,rail_1_turn
r_063,Heterojunction Solar Panels,high_tech_manufactory,3,solar_panel,12.0,2299,2044,686,research-unlocked solar panels should be modestly profitable,50.0,40.0,60.0,370.116,243.437,2.0,9.0,48.931,66.748,0.21,0.36,0.27,66.178,65.908,13.182,10.545,42.181,False,rail_1_turn
r_064,Triple Tandem Solar Panels,high_tech_manufactory,3,solar_panel,15.0,2447,2176,731,research-unlocked solar panels should be modestly profitable,50.0,40.0,60.0,462.645,314.972,2.0,9.0,52.112,84.561,0.255,0.45,0.32,83.856,83.536,16.707,13.366,53.463,False,rail_1_turn
r_065,SynRM Magnetless Motors,assembly_plant,3,motor,27.0,4118,3661,1233,rank III default,60.0,30.0,100.0,253.692,92.159,2.0,13.0,87.779,58.754,0.28,0.405,0.52,58.069,57.549,11.51,9.208,36.832,True,rail_1_turn
r_066,Axial Flux Motors,assembly_plant,1,motor,28.0,2073,3639,2802,rank I default,15.0,5.0,30.0,263.088,101.84,2.0,13.0,131.232,15.017,0.3,0.42,0.52,14.297,13.777,2.755,2.204,8.817,True,rail_1_turn
r_067,Rubber Vulcanisation,chem_plant,0,tyres,25.0,3383,1269,128,tyres support modest direct integration,4.2,0.0,5.0,136.625,81.522,2.0,4.0,27.104,21.999,0.35,0.375,0.54,21.274,20.734,4.147,3.317,13.27,False,rail_1_turn
r_068,Car Body Manufacturing,industrial_factory,0,car_body,14.0,5472,2052,207,start-unlocked after freight and warehouse reserve,7.5,5.0,10.0,158.256,96.618,2.0,7.0,43.834,8.805,0.435,0.42,0.44,7.95,7.51,1.502,1.202,4.806,True,rail_1_turn
r_069,Lightweight Car Bodies,assembly_plant,2,car_body,20.0,3774,3356,1130,rank II default,30.0,20.0,60.0,226.08,95.889,2.0,13.0,80.454,34.736,0.3,0.6,0.41,33.836,33.426,6.685,5.348,21.393,True,rail_1_turn
r_071,ICE Engine Manufacturing,industrial_factory,0,engine,6.0,7114,2668,270,start-unlocked after freight and warehouse reserve,7.5,5.0,10.0,275.358,200.116,2.0,7.0,57.018,9.224,0.825,0.18,0.72,8.219,7.499,1.5,1.2,4.799,True,pipe_1_turn+rail_1_turn
r_072,V8 Engine Manufacturing,industrial_factory,1,engine,6.0,2968,3273,1460,rank I default,15.0,5.0,30.0,275.358,163.699,2.0,7.0,87.638,15.02,0.66,0.18,0.58,14.18,13.6,2.72,2.176,8.704,True,pipe_1_turn+rail_1_turn
r_073,Large Vehicle Engine Manufacturing,assembly_plant,1,large_engine,11.0,5863,5213,1755,rank I default,15.0,5.0,30.0,465.641,307.961,2.0,13.0,124.966,17.714,1.29,0.33,1.09,16.094,15.004,3.001,2.401,9.602,True,pipe_1_turn+rail_1_turn
r_074,Hybrid Engine Manufacturing,assembly_plant,1,engine,7.0,3863,3434,1157,rank I default,15.0,5.0,30.0,321.251,201.707,2.0,13.0,82.352,22.192,0.38,0.21,0.37,21.602,21.232,4.246,3.397,13.588,True,pipe_1_turn+rail_1_turn
r_076,Electric Arc Steelmaking,eaf,2,steel,50.0,1356,515,51,rank II default,30.0,20.0,60.0,91.75,30.458,14.0,2.0,10.915,34.376,0.36,0.75,1.06,33.266,32.206,6.441,5.153,20.612,True,pipe_1_turn+rail_1_turn
r_077,HIsarna Steel Making,furnace,2,steel,50.0,820,308,50,rank II default,30.0,20.0,60.0,91.75,21.403,14.0,1.0,7.181,48.166,0.45,0.75,1.12,46.966,45.846,9.169,7.335,29.341,True,pipe_1_turn+rail_1_turn
r_078,Methane Pyrolysis,electrolyser,2,hydrogen,16.0,818,307,50,rank II default,30.0,20.0,60.0,125.368,44.604,14.0,1.0,7.165,58.599,0.48,0.6,2.16,57.519,55.359,11.072,8.857,35.43,True,pipe_1_turn+rail_1_turn
r_079,Water Electrolysis,electrolyser,0,hydrogen,14.0,784,294,50,start-unlocked after freight and warehouse reserve,7.5,5.0,10.0,47.95,6.527,24.0,1.0,6.931,9.492,0.42,0.63,2.52,8.442,5.922,1.184,0.948,3.79,True,pipe_1_turn
r_080,Membraneless Electrolysis,electrolyser,2,hydrogen,22.0,784,294,50,rank II default,30.0,20.0,60.0,75.35,6.527,24.0,1.0,6.931,36.892,0.42,0.99,3.72,35.482,31.762,6.352,5.082,20.328,True,pipe_1_turn
r_081,Fluidised Bed Reactor + CZ Silicon,chem_plant,3,polysilicon,6.0,2408,903,91,rank III default,60.0,30.0,100.0,147.018,30.801,24.0,4.0,19.286,68.931,0.195,0.09,0.51,68.646,68.136,13.627,10.902,43.607,True,pipe_1_turn+rail_1_turn
r_082,Electric Calcination Alumina,chem_plant,0,alumina,54.0,3440,1290,130,start-unlocked after freight and warehouse reserve,7.5,5.0,10.0,106.488,43.05,20.0,4.0,27.552,11.886,0.6,0.81,1.74,10.476,8.736,1.747,1.398,5.591,True,pipe_1_turn+rail_1_turn
r_083,ELYSIS Aluminium,eaf,2,aluminium,15.0,1389,528,52,rank II default,30.0,20.0,60.0,87.047,37.359,20.0,2.0,11.178,16.51,0.315,0.24,0.37,15.955,15.585,3.117,2.494,9.975,False,rail_1_turn
r_084,Aluminium Direct Carbothermic Electrolysis,eaf,2,aluminium,23.0,1322,502,50,rank II default,30.0,20.0,60.0,130.893,69.157,20.0,2.0,10.65,29.086,0.285,0.345,0.42,28.456,28.036,5.607,4.486,17.943,True,rail_1_turn
r_087,Nitrogen Air Separation,chem_plant,1,nitrogen,50.0,2408,903,91,rank I default,15.0,5.0,30.0,58.8,0,14.0,4.0,19.286,21.514,0.0,1.5,5.0,20.014,15.014,3.003,2.402,9.609,True,pipe_1_turn
r_099,Lithium Phosphate Batteries,high_tech_manufactory,2,lithium_battery,8.0,2275,2023,679,researched LFP batteries should profitably outperform conventional lithium-ion cells,45.0,30.0,60.0,200.0,97.436,2.0,9.0,48.429,43.135,0.285,0.12,0.44,42.73,42.29,8.458,6.766,27.066,True,pipe_1_turn+rail_1_turn
r_101,Alkaline Battery Manufacturing,industrial_factory,0,alkaline_battery,24.0,6627,2486,251,start-unlocked after freight and warehouse reserve,7.5,5.0,10.0,131.832,60.522,2.0,7.0,53.104,9.206,0.66,0.36,0.68,8.186,7.506,1.501,1.201,4.804,True,rail_1_turn
r_102,Sodium Ion Battery Manufacturing,assembly_plant,2,sodium_battery,6.0,500,100,50,rank II default,30.0,20.0,60.0,90.0,23.576,0.2,13.0,4.16,49.064,0.105,0.09,0.13,48.869,48.739,9.748,7.798,31.193,True,rail_1_turn
r_105,Water Treatment,water_recycling,2,pure_water,120.0,1467,224,50,rank II default,30.0,20.0,60.0,53.28,2.52,2.0,1.0,8.445,39.315,0.72,3.6,4.32,34.995,30.675,6.135,4.908,19.632,True,pipe_1_turn
r_106,Scrap Recycling,eaf,0,steel,27.0,1485,564,56,start-unlocked after freight and warehouse reserve,7.5,5.0,10.0,49.545,20.16,7.0,2.0,11.958,8.427,0.36,0.405,0.51,7.662,7.152,1.43,1.144,4.577,True,rail_1_turn
r_107,E-Waste Recycling,recycling_plant,1,copper_wiring,2.0,1670,630,62,rank I default,15.0,5.0,30.0,41.443,18.9,2.0,2.0,13.376,5.167,0.45,0.14,0.41,4.577,4.167,0.833,0.667,2.667,False,rail_1_turn
r_108,Biowaste Recycling,recycling_plant,1,biomass,48.0,1670,630,62,rank I default,15.0,5.0,30.0,43.632,9.45,2.0,2.0,13.376,16.806,0.3,0.48,0.78,16.026,15.246,3.049,2.439,9.757,True,rail_1_turn
r_114,Hydrochloric Acid Production,industrial_factory,0,industrial_acids,45.0,5995,2248,227,start-unlocked after freight and warehouse reserve,7.5,5.0,10.0,156.15,75.978,7.0,7.0,48.029,18.143,1.08,1.35,8.1,15.713,7.613,1.523,1.218,4.872,True,pipe_1_turn
r_115,Sulphuric Acid Production,industrial_factory,0,industrial_acids,3.0,6159,2310,233,sulphuric acid should be modestly profitable,5.0,0.0,10.0,10.41,29.137,7.0,7.0,49.341,-82.068,0.825,0.09,1.02,-82.983,-84.003,0.0,0.0,-84.003,False,pipe_1_turn+rail_1_turn
r_116,Generic Acid Production,industrial_factory,0,industrial_acids,36.0,5995,2248,227,generic acid should be deliberately loss-making,-12.5,-20.0,-5.0,124.92,66.78,7.0,7.0,48.029,-3.889,0.72,1.08,5.04,-5.689,-10.729,0.0,0.0,-10.729,True,pipe_1_turn+rail_1_turn
r_117,ICE Car Production,industrial_factory,0,ice_car,6.0,6994,2623,265,ICE cars should be slightly profitable,15.0,0.0,30.0,613.824,531.958,2.0,7.0,56.042,16.824,0.975,0.18,0.67,15.669,14.999,3.0,2.4,9.599,True,pipe_1_turn+rail_1_turn
r_118,Automated ICE Car Assembly,assembly_plant,2,ice_car,9.0,2592,4807,3711,automated ICE assembly should beat the base recipe margin,40.0,30.0,50.0,920.736,690.15,2.0,13.0,173.194,42.392,1.25,0.27,0.87,40.872,40.002,8.0,6.4,25.601,True,pipe_1_turn+rail_1_turn
r_119,EV Assembly,assembly_plant,1,ev_car,5.0,5524,4912,1654,unlocked EVs can carry larger base profit,65.0,30.0,100.0,702.045,495.93,2.0,13.0,117.76,73.355,0.72,0.15,0.5,72.485,71.985,14.397,11.518,46.071,True,rail_1_turn
r_120,Basic Circuit Soldering,industrial_factory,0,circuit_board,12.0,5192,1947,197,start-unlocked after freight and warehouse reserve,7.5,5.0,10.0,177.468,118.572,2.0,7.0,41.61,8.286,0.285,0.12,0.39,7.881,7.491,1.498,1.199,4.794,True,rail_1_turn
r_121,Circuit Printing,assembly_plant,2,circuit_board,11.0,3157,2807,945,rank II default,30.0,20.0,60.0,162.679,54.606,2.0,13.0,67.29,25.783,0.13,0.11,0.23,25.543,25.313,5.063,4.05,16.2,True,rail_1_turn
r_122,Semiconductor Fabbing,assembly_plant,0,cpu,5.0,3863,3434,1157,base CPU production should be deliberately unprofitable,-10.0,-50.0,-1.0,354.055,266.007,2.0,13.0,82.352,-9.304,0.285,0.05,0.36,-9.639,-9.999,0.0,0.0,-9.999,True,pipe_1_turn+rail_1_turn
r_123,Fabless Semiconductors,high_tech_manufactory,2,cpu,5.0,786,1529,4052,unlocked CPU/computer recipes can carry larger base profit,65.0,30.0,100.0,354.055,159.501,2.0,9.0,146.858,36.696,0.125,0.05,0.14,36.521,36.381,7.276,5.821,23.284,True,rail_1_turn
r_124,Semiconductor 3D Printing,high_tech_manufactory,3,cpu,5.0,796,1582,4199,3D semiconductor printing has a controlled advanced margin,60.0,40.0,80.0,354.055,130.682,2.0,9.0,152.102,60.271,0.085,0.05,0.11,60.136,60.026,12.005,9.604,38.416,True,rail_1_turn
r_125,Computer Assembly,assembly_plant,0,computer,9.0,3157,2807,945,start-unlocked after freight and warehouse reserve,7.5,5.0,10.0,479.97,372.197,2.0,13.0,67.29,25.484,0.13,0.09,0.21,25.264,25.054,5.011,4.009,16.034,False,rail_1_turn
r_126,Electrical Components Production,industrial_factory,0,electrical_components,12.0,4686,1758,178,start-unlocked after freight and warehouse reserve,7.5,5.0,10.0,135.432,80.598,2.0,7.0,37.568,8.266,0.245,0.18,0.34,7.841,7.501,1.5,1.2,4.801,True,rail_1_turn
r_127,Precision Electrical Components,high_tech_manufactory,2,electrical_components,21.0,2784,2475,831,rank II default,30.0,20.0,60.0,237.006,139.272,2.0,9.0,59.261,27.473,0.245,0.315,0.43,26.913,26.483,5.297,4.237,16.949,True,rail_1_turn
r_131,Hydrogen Power,coal_power,1,power,2540.0,500,126,66,rank I default,15.0,5.0,30.0,152.4,6.93,0.0,2.0,4.922,138.548,0.06,0.0,0.2,138.488,138.288,27.658,22.126,88.505,False,grid+pipe_1_turn
r_132,Alloy Metal Smelting,furnace,0,alloy_ingots,30.0,719,270,50,start-unlocked after freight and warehouse reserve,7.5,5.0,10.0,50.46,20.202,14.0,1.0,6.493,8.765,0.3,0.45,0.5,8.015,7.515,1.503,1.202,4.81,True,rail_1_turn
r_133,Alloy Metal Electrolysis,electrolyser,2,alloy_ingots,50.0,1023,384,50,rank II default,30.0,20.0,60.0,84.1,24.402,20.0,1.0,8.56,30.138,0.45,0.75,1.2,28.938,27.738,5.548,4.438,17.752,True,pipe_1_turn+rail_1_turn
r_134,Alloy Metal Mining,mine,0,alloy_ore,24.0,1806,273,50,start-unlocked after freight and warehouse reserve,7.5,5.0,10.0,23.088,0,3.0,2.0,10.0,8.088,0.0,0.36,0.24,7.728,7.488,1.498,1.198,4.792,mine exception,rail_1_turn
r_135,Fibreglass Production,industrial_factory,0,fibreglass,6.0,3831,1437,145,start-unlocked after freight and warehouse reserve,7.5,5.0,10.0,70.314,22.878,2.0,7.0,30.694,7.741,0.06,0.06,0.12,7.621,7.501,1.5,1.2,4.801,True,rail_1_turn
r_136,Iron Air Batteries,industrial_factory,2,iron_battery,6.0,500,100,50,iron-air cells are a deliberately thin-margin route to cheap bulk storage,5.0,0.0,10.0,30.0,16.321,0.5,7.0,4.16,2.019,0.33,0.09,0.48,1.599,1.119,0.224,0.179,0.716,True,pipe_1_turn+rail_1_turn
r_145,Offshore Wind Power Generation,offshore_wind_farm,0,power,245.0,500,100,50,start-unlocked after freight and warehouse reserve,7.5,5.0,10.0,14.7,0,0.0,3.0,4.16,7.54,0.0,0.0,0.0,7.54,7.54,1.508,1.206,4.826,True,grid
r_146,Solar Power Generation,solar_farm,0,power,228.0,500,100,50,start-unlocked after freight and warehouse reserve,7.5,5.0,10.0,13.68,0,0.0,2.0,4.16,7.52,0.0,0.0,0.0,7.52,7.52,1.504,1.203,4.813,True,grid
r_150,Petroleum Needle Coke Calcination,petro_refinery,0,graphite,10.0,789,300,50,start-unlocked after freight and warehouse reserve,7.5,5.0,10.0,90.71,50.551,24.0,1.0,7.005,8.154,0.24,0.15,0.26,7.764,7.504,1.501,1.201,4.803,True,rail_1_turn
r_151,Petroleum Needle Coke Power,petro_refinery,0,power,680.0,756,287,50,start-unlocked after freight and warehouse reserve,7.5,5.0,10.0,40.8,25.276,0.0,1.0,6.774,7.75,0.12,0.0,0.08,7.63,7.55,1.51,1.208,4.832,True,grid+rail_1_turn
r_154,Coal Liquefaction,chem_plant,2,fuels,85.0,2408,903,91,rank II default,30.0,20.0,60.0,201.195,11.13,7.0,4.0,19.286,159.779,0.21,2.55,2.85,157.019,154.169,30.834,24.667,98.668,False,pipe_1_turn+rail_1_turn
r_165,Radial Axial Tire Production,industrial_factory,0,tyres,36.0,6850,2569,260,radial axial tyres should be modestly profitable,7.5,0.0,15.0,196.74,114.964,2.0,7.0,54.902,17.873,0.625,0.54,0.83,16.708,15.878,3.176,2.54,10.162,False,rail_1_turn
r_175,PVC Polymerisation,poly_plant,0,pvc,16.0,736,438,88,start-unlocked after freight and warehouse reserve,7.5,5.0,10.0,90.848,62.271,7.0,1.0,9.376,11.201,0.78,0.16,2.76,10.261,7.501,1.5,1.2,4.8,True,pipe_1_turn+rail_1_turn
r_177,Shale Oil Fracking,fracking_oil_well,1,crude_oil,29.0,1722,266,50,rank I default,15.0,5.0,30.0,30.914,0,3.0,2.0,9.664,16.25,0.0,0.87,0.87,15.38,14.51,2.902,2.322,9.286,mine exception,pipe_1_turn
r_178,Offshore Oil Extraction,offshore_oil_platform,2,crude_oil,45.0,1722,266,50,rank II default,30.0,20.0,60.0,47.97,0,3.0,2.0,9.664,33.306,0.0,1.35,1.35,31.956,30.606,6.121,4.897,19.588,mine exception,pipe_1_turn
r_179,Sulphur Mining,mine,0,sulphur,24.0,1806,273,50,start-unlocked after freight and warehouse reserve,7.5,5.0,10.0,23.088,0,3.0,2.0,10.0,8.088,0.0,0.36,0.24,7.728,7.488,1.498,1.198,4.792,mine exception,rail_1_turn
r_180,Oil Refining,petro_refinery,0,processed_oil,18.0,882,335,50,start-unlocked after freight and warehouse reserve,7.5,5.0,10.0,47.79,22.386,7.0,1.0,7.638,9.766,0.6,0.54,1.14,8.626,7.486,1.497,1.198,4.791,True,pipe_1_turn
r_181,Oil Power Production,coal_power,0,power,525.0,500,126,66,start-unlocked after freight and warehouse reserve,7.5,5.0,10.0,31.5,16.727,0.0,2.0,4.922,7.852,0.18,0.0,0.18,7.672,7.492,1.498,1.199,4.795,True,grid+pipe_1_turn
r_203,Hairpin Stator Motors,assembly_plant,1,motor,28.0,2091,3679,2833,rank I default,15.0,5.0,30.0,263.088,100.395,2.0,13.0,132.666,15.028,0.285,0.42,0.51,14.323,13.813,2.763,2.21,8.84,True,rail_1_turn
r_204,Heavy Vehicles Assembly,industrial_factory,0,heavy_vehicle,5.0,14732,9157,2637,base heavy vehicles should stay slightly profitable,15.0,0.0,30.0,1140.0,893.52,2.0,7.0,219.434,18.047,1.515,0.15,1.03,16.382,15.352,3.07,2.456,9.825,True,pipe_1_turn+rail_1_turn
r_205,Heavy Vehicles Automated Manufacturing,assembly_plant,1,heavy_vehicle,5.0,2657,4953,3825,automated heavy vehicles should have a controlled advanced margin,50.0,30.0,70.0,1140.0,893.52,2.0,13.0,178.451,53.029,1.515,0.15,1.03,51.364,50.334,10.067,8.053,32.214,True,pipe_1_turn+rail_1_turn
r_206,Electric Heavy Vehicles Manufacturing,assembly_plant,2,heavy_vehicle,5.0,1911,4334,3814,electric heavy vehicles should lead the heavy vehicle tier without breaching the integration cap,60.0,60.0,90.0,1140.0,891.342,2.0,13.0,169.77,63.889,0.885,0.15,0.39,62.854,62.464,12.493,9.994,39.977,True,rail_1_turn
r_207,Heavy Electric Motor,assembly_plant,2,large_engine,13.0,5863,5213,1755,rank II default,30.0,20.0,60.0,550.303,355.19,2.0,13.0,124.966,55.147,0.78,0.39,0.65,53.977,53.327,10.665,8.532,34.129,True,rail_1_turn
r_208,Sustainable Biomass Production,farm,1,biomass,15.0,966,147,50,rank I default,15.0,5.0,30.0,14.135,12.772,1.0,1.0,6.102,-6.74,0.015,0.3,0.31,-7.055,-7.365,0.0,0.0,-7.365,False,pipe_1_turn+rail_1_turn
r_209,Strip Farming - Biomass,farm,0,biomass,24.0,966,147,50,start-unlocked after freight and warehouse reserve,7.5,5.0,10.0,23.316,52.021,1.0,1.0,6.102,-36.808,0.12,0.69,0.79,-37.618,-38.408,0.0,0.0,-38.408,False,pipe_1_turn+rail_1_turn
r_211,Agri Solar Farming - Biomass,farm,0,biomass,10.0,966,147,50,start-unlocked after freight and warehouse reserve,7.5,5.0,10.0,9.59,0,1.0,1.0,6.102,1.488,0.0,0.25,0.25,1.238,0.988,0.198,0.158,0.632,False,pipe_1_turn+rail_1_turn
r_212,Livestock Farming - Biomass,farm,0,biomass,12.0,966,147,50,start-unlocked after freight and warehouse reserve,7.5,5.0,10.0,11.908,1.399,1.0,1.0,6.102,2.407,0.09,0.42,0.51,1.897,1.387,0.277,0.222,0.888,False,pipe_1_turn+rail_1_turn
r_213,Aggressive Logging - Biomass,new_forest,0,biomass,30.0,2898,448,50,start-unlocked after freight and warehouse reserve,7.5,5.0,10.0,27.27,0,1.0,3.0,15.174,8.096,0.0,0.3,0.3,7.796,7.496,1.499,1.199,4.797,True,rail_1_turn
r_214,Sustainable Forestry - Biomass,new_forest,2,biomass,55.0,2898,448,50,rank II default,30.0,20.0,60.0,49.995,0,1.0,3.0,15.174,30.821,0.0,0.55,0.55,30.271,29.721,5.944,4.755,19.021,True,rail_1_turn
r_215,Gentle Pruning - Biomass,new_forest,0,biomass,30.0,2898,448,50,start-unlocked after freight and warehouse reserve,7.5,5.0,10.0,27.27,0,1.0,3.0,15.174,8.096,0.0,0.3,0.3,7.796,7.496,1.499,1.199,4.797,True,rail_1_turn
r_217,Biomass Carbonisation,furnace,0,carbonised_biomass,18.0,788,296,50,start-unlocked after freight and warehouse reserve,7.5,5.0,10.0,53.298,22.907,14.0,1.0,6.963,8.428,0.24,0.27,0.42,7.918,7.498,1.5,1.2,4.799,True,rail_1_turn
r_218,Petroleum Coking,petro_refinery,0,pet_coke,18.0,882,335,50,start-unlocked after freight and warehouse reserve,7.5,5.0,10.0,54.162,22.386,14.0,1.0,7.638,9.138,0.6,0.27,0.78,8.268,7.488,1.498,1.198,4.792,True,pipe_1_turn+rail_1_turn
r_219,Copper Pipe Moulding,furnace,2,copper_pipe,27.0,643,241,50,rank II default,30.0,20.0,60.0,81.486,36.851,7.0,1.0,5.971,30.664,0.24,0.405,0.43,30.019,29.589,5.918,4.734,18.937,True,rail_1_turn
r_220,Copper Pipe Manufacturing,industrial_factory,2,copper_pipe,48.0,3870,1451,147,rank II default,30.0,20.0,60.0,144.864,38.394,7.0,7.0,31.018,61.452,0.24,0.72,0.72,60.492,59.772,11.954,9.564,38.254,True,pipe_1_turn+rail_1_turn
r_221,Deepwater Oil Extraction,offshore_oil_platform,2,crude_oil,45.0,1722,266,50,rank II default,30.0,20.0,60.0,47.97,0,3.0,2.0,9.664,33.306,0.0,1.35,1.35,31.956,30.606,6.121,4.897,19.588,True,pipe_1_turn
r_222,Subsea Manifold Extraction,offshore_oil_platform,3,crude_oil,75.0,1722,266,50,rank III default,60.0,30.0,100.0,79.95,0,3.0,2.0,9.664,65.286,0.0,2.25,2.25,63.036,60.786,12.157,9.726,38.903,mine exception,pipe_1_turn
r_223,Floating Offshore Wind Power,offshore_wind_farm,3,power,1120.0,500,100,50,rank III default,60.0,30.0,100.0,67.2,0,0.0,3.0,4.16,60.04,0.0,0.0,0.0,60.04,60.04,12.008,9.606,38.426,True,grid
r_224,Hydroelectric Power,hydro_power_plant,1,power,370.0,500,100,50,rank I default,15.0,5.0,30.0,22.2,0,0.0,3.0,4.16,15.04,0.0,0.0,0.0,15.04,15.04,3.008,2.406,9.626,True,grid
r_225,Battery Storage,battery,0,,0.0,500,100,50,start-unlocked after freight and warehouse reserve,7.5,5.0,10.0,0.0,0,0.0,3.0,4.16,-7.16,0.0,0.0,0.0,-7.16,-7.16,0.0,0.0,-7.16,False,none
r_226,Magnetic Separation Electrolysis,electrolyser,2,refined_ree,7.0,784,294,50,rank II default,30.0,20.0,60.0,81.606,21.815,24.0,1.0,6.931,27.86,0.27,0.105,0.29,27.485,27.195,5.439,4.351,17.405,True,pipe_1_turn+rail_1_turn
r_227,Rudimentary Lithium Refinement,furnace,0,lithium_carbonate,9.0,616,231,50,start-unlocked after freight and warehouse reserve,7.5,5.0,10.0,59.877,34.77,10.0,1.0,5.789,8.318,0.21,0.135,0.47,7.973,7.503,1.501,1.201,4.802,True,pipe_1_turn+rail_1_turn
r_228,Bio Ethylene,chem_plant,3,ethylene,28.0,2408,903,91,rank III default,60.0,30.0,100.0,107.576,9.545,10.0,4.0,19.286,64.745,0.1,0.84,2.9,63.805,60.905,12.181,9.745,38.979,True,pipe_1_turn+rail_1_turn
