recipe_id,display_name,building_id,research,tech_rank,primary_output,standalone_target,target_profit,target_min,target_max,standalone_revenue,standalone_inputs_bill,standalone_power_units,standalone_energy_bill,standalone_maintenance_bill,current_standalone_profit,mine_startup_revenue_live_penalty,mine_startup_profit_live_penalty,minimum_labour_unskilled,minimum_labour_skilled,minimum_labour_h_skilled,minimum_labour_cost,diagnostic_target_fitted_labour_unskilled,diagnostic_target_fitted_labour_skilled,diagnostic_target_fitted_labour_h_skilled,diagnostic_target_fitted_labour_cost,diagnostic_target_fitted_standalone_profit,minimum_labour_standalone_profit,fractional_one_layer_cost_proxy_profit,proxy_cheapest_direct_suppliers,imputed_market_input_cost_proxy_profit,imputed_full_cost_proxy_profit,cap_reduction_needed,route_assumption,one_turn_transport_cost,one_turn_storage_cost,diagnostic_target_fitted_profit_after_one_turn_friction,recommendation,flags
r_001,Coal Mining,mine,,0,coal,start-unlocked after freight and warehouse reserve,7.5,5.0,10.0,24.0,0,30.0,3.0,2.0,9.0,16.8,1.8,500,100,50,4.16,1853,307,81,11.469,7.531,14.84,7.531,,7.531,8.731,0,rail_1_turn,0.9,0.6,6.031,ok,input_band;full_band
r_002,Iron Mining,mine,,0,iron_ore,start-unlocked after freight and warehouse reserve,7.5,5.0,10.0,23.48,0,30.0,3.0,2.0,8.48,16.436,1.436,500,100,50,4.16,1758,292,79,10.957,7.523,14.32,7.523,,7.523,8.723,0,rail_1_turn,0.6,0.4,6.523,ok,input_band;full_band
r_003,Steelmaking,furnace,,0,steel,start-unlocked after freight and warehouse reserve,7.5,5.0,10.0,88.08,49.896,140.0,14.0,1.0,13.805,,,500,100,50,4.16,1792,562,142,15.674,7.51,19.024,19.909,iron_ingots: r_031 Direct Reduced Iron Smelting; coal: r_001 Coal Mining,27.3,37.613,0,rail_1_turn,1.62,1.08,4.81,ok,full_band
r_004,Power Production,coal_power,,0,power,start-unlocked after freight and warehouse reserve,7.5,5.0,10.0,36.0,17.724,0.0,0.0,2.0,9.191,,,500,100,50,4.16,846,273,107,8.752,7.524,12.116,15.879,coal: r_001 Coal Mining; pure_water: r_105 Water Treatment,16.073,16.621,0,pipe_1_turn+rail_1_turn+road_1_turn,12.9,0.8,-6.176,ok,input_band;full_band
r_005,Pig Iron Smelting,furnace,,0,iron_ingots,start-unlocked after freight and warehouse reserve,7.5,5.0,10.0,69.16,33.054,140.0,14.0,1.0,11.727,,,500,100,50,4.16,1559,478,125,13.578,7.528,16.946,19.136,iron_ore: r_002 Iron Mining; coal: r_001 Coal Mining,19.136,26.336,0,rail_1_turn,1.95,1.3,4.278,ok,input_band;full_band
r_006,Copper Mining,mine,,0,copper_ore,start-unlocked after freight and warehouse reserve,7.5,5.0,10.0,23.4,0,30.0,3.0,2.0,8.4,16.25,1.25,500,100,50,4.16,1743,290,79,10.89,7.51,14.24,7.51,,7.51,8.71,0,rail_1_turn,0.54,0.36,6.61,ok,input_band;full_band
r_007,Copper Blistering,furnace,,0,copper_ingots,start-unlocked after freight and warehouse reserve,7.5,5.0,10.0,56.736,24.57,140.0,14.0,1.0,9.006,,,500,100,50,4.16,1117,320,94,9.654,7.512,13.006,16.192,copper_ore: r_006 Copper Mining,16.192,22.992,0,rail_1_turn,0.9,0.6,6.012,ok,input_band;full_band
r_008,Copper Wire Drawing,industrial_factory,,0,copper_wiring,start-unlocked after freight and warehouse reserve,7.5,5.0,10.0,122.56,59.573,80.0,8.0,7.0,8.746,,,500,100,50,4.16,3386,1639,434,40.458,7.53,43.827,30.372,copper_ingots: r_020 Flash Copper Smelting,36.804,44.786,0,rail_1_turn,0.68,0.56,6.29,ok,full_band
r_009,Motor Manufacture,industrial_factory,,0,motor,start-unlocked after freight and warehouse reserve,7.5,5.0,10.0,263.088,186.491,30.0,3.0,7.0,9.58,,,500,100,50,4.16,4864,2428,631,59.066,7.532,62.438,76.963,steel: r_077 HIsarna Steel Making; copper_wiring: r_107 E-Waste Recycling,84.964,93.945,0,rail_1_turn,1.19,0.9,5.442,ok,
r_010,Salt Mining,mine,,0,basic_salt,start-unlocked after freight and warehouse reserve,7.5,5.0,10.0,22.5,0,30.0,3.0,2.0,7.5,19.0,4.0,500,100,50,4.16,1577,265,75,9.99,7.51,13.34,7.51,,7.51,8.71,0,rail_1_turn,0.525,0.35,6.635,ok,input_band;full_band
r_011,Water Pumping,water_pump,,0,pure_water,start-unlocked after freight and warehouse reserve,7.5,5.0,10.0,21.312,0,20.0,2.0,1.0,11.134,21.312,11.134,500,100,50,4.16,999,349,133,10.803,7.509,14.152,7.509,,7.509,8.309,0,pipe_1_turn,1.44,1.44,4.629,ok,input_band;full_band
r_012,Chlor-Alkali Process,chem_plant,,0,chlorine,start-unlocked after freight and warehouse reserve,7.5,5.0,10.0,123.64,43.613,200.0,20.0,4.0,20.21,,,500,100,50,4.16,2040,1640,820,48.512,7.515,51.867,27.936,basic_salt: r_010 Salt Mining; pure_water: r_105 Water Treatment,28.364,37.862,0,pipe_1_turn+rail_1_turn,4.62,10.56,-7.665,ok,full_band
r_014,Oil Drilling,oil_well,,0,crude_oil,start-unlocked after freight and warehouse reserve,7.5,5.0,10.0,21.32,0,30.0,3.0,1.0,8.709,21.32,8.709,500,100,50,4.16,924,312,120,9.792,7.528,13.16,7.528,,7.528,8.728,0,pipe_1_turn,0.6,0.6,6.328,ok,input_band;full_band
r_015,Bauxite Mining,mine,,0,bauxite_ore,start-unlocked after freight and warehouse reserve,7.5,5.0,10.0,23.0,0,30.0,3.0,2.0,8.0,19.55,4.55,500,100,50,4.16,1669,279,77,10.483,7.517,13.84,7.517,,7.517,8.717,0,rail_1_turn,0.3,0.2,7.017,ok,input_band;full_band
r_016,Lithium Mining,mine,,0,lithium_ore,start-unlocked after freight and warehouse reserve,7.5,5.0,10.0,22.704,0,30.0,3.0,2.0,7.704,22.704,7.704,500,100,50,4.16,1614,270,76,10.189,7.515,13.544,7.515,,7.515,8.715,0,rail_1_turn,0.12,0.08,7.315,ok,input_band;full_band
r_017,Rare Earth Mining,mine,,0,ree_ore,start-unlocked after freight and warehouse reserve,7.5,5.0,10.0,22.8,0,30.0,3.0,2.0,7.8,15.2,0.2,500,100,50,4.16,1632,273,76,10.275,7.525,13.64,7.525,,7.525,8.725,0,rail_1_turn,0.18,0.12,7.225,ok,input_band;full_band
r_018,Sand Excavation,mine,,0,sand,start-unlocked after freight and warehouse reserve,7.5,5.0,10.0,23.625,0,30.0,3.0,2.0,8.625,16.8,1.8,500,100,50,4.16,1784,296,80,11.11,7.515,14.465,7.515,,7.515,8.715,0,rail_1_turn,0.675,0.45,6.39,ok,input_band;full_band
r_019,Limestone Mining,mine,,0,limestone,start-unlocked after freight and warehouse reserve,7.5,5.0,10.0,23.125,0,30.0,3.0,2.0,8.125,16.65,1.65,500,100,50,4.16,1692,282,78,10.618,7.507,13.965,7.507,,7.507,8.707,0,rail_1_turn,0.375,0.25,6.882,ok,input_band;full_band
r_020,Flash Copper Smelting,furnace,Electric Arc Refining,2,copper_ingots,rank II default,30.0,20.0,60.0,85.104,28.287,140.0,14.0,1.0,33.839,,,500,100,50,4.16,1359,407,111,11.808,30.009,37.657,38.148,copper_ore: r_006 Copper Mining; industrial_acids: r_114 Hydrochloric Acid Production; oxygen: r_080 Membraneless Electrolysis,39.656,46.829,0,pipe_1_turn+rail_1_turn,1.11,1.06,27.839,ok,full_band
r_022,Fuels Refining,petro_refinery,,0,fuels,start-unlocked after freight and warehouse reserve,7.5,5.0,10.0,52.074,27.877,70.0,7.0,1.0,9.422,,,500,100,50,4.16,840,270,106,8.672,7.525,12.037,13.036,processed_oil: r_180 Oil Refining,22.518,27.051,0,pipe_1_turn,0.96,0.96,5.605,ok,full_band
r_023,Ethylene Refining,petro_refinery,,0,ethylene,ethylene keeps the upper starter margin,5.0,0.0,5.0,49.946,27.877,70.0,7.0,1.0,7.294,,,500,100,50,4.16,868,284,111,9.056,5.013,9.909,10.524,processed_oil: r_180 Oil Refining,20.006,24.539,0,pipe_1_turn,0.69,1.6,2.723,labour,standalone_band;full_band
r_024,Plastics Manufacturing,poly_plant,,0,plastics,plastics keeps the upper starter margin,5.0,0.0,5.0,61.92,40.341,70.0,7.0,1.0,6.539,,,500,100,50,4.16,631,268,124,8.56,5.019,9.419,28.38,ethylene: r_228 Bio Ethylene,30.492,34.747,0,pipe_1_turn+rail_1_turn,0.42,1.12,3.479,labour,standalone_band;full_band
r_025,Basic Oxygen Steelmaking,furnace,Oxygen-Enriched Blast,1,steel,rank I default,15.0,5.0,30.0,73.4,23.213,140.0,14.0,1.0,28.115,,,500,100,50,4.16,2298,742,178,20.173,15.014,31.027,21.225,iron_ingots: r_031 Direct Reduced Iron Smelting; oxygen: r_080 Membraneless Electrolysis; limestone: r_019 Limestone Mining,24.22,31.93,0,pipe_1_turn+rail_1_turn,1.02,0.92,13.074,ok,full_band
r_026,Copper Pipe Hot Rolling,furnace,,0,copper_pipe,start-unlocked after freight and warehouse reserve,7.5,5.0,10.0,54.324,32.269,70.0,7.0,1.0,8.267,,,500,100,50,4.16,768,196,69,6.547,7.508,9.895,19.881,copper_ingots: r_020 Flash Copper Smelting,23.365,28.755,0,rail_1_turn,0.465,0.31,6.733,ok,full_band
r_028,Synthetic Rubber Production,poly_plant,,0,rubber,start-unlocked after freight and warehouse reserve,7.5,5.0,10.0,66.096,41.391,70.0,7.0,1.0,9.665,,,500,100,50,4.16,649,292,135,9.2,7.505,12.545,31.314,ethylene: r_228 Bio Ethylene; oxygen: r_080 Membraneless Electrolysis,33.479,37.862,0,pipe_1_turn+rail_1_turn,0.59,1.57,5.345,ok,full_band
r_029,Concrete Firing,furnace,,0,concrete,start-unlocked after freight and warehouse reserve,7.5,5.0,10.0,86.306,54.044,140.0,14.0,1.0,8.325,,,500,100,50,4.16,1128,324,95,9.76,7.502,13.102,24.988,limestone: r_019 Limestone Mining; pure_water: r_105 Water Treatment; silica: r_035 Silica Washing; coal: r_001 Coal Mining,28.74,37.89,0,pipe_1_turn+rail_1_turn,1.155,0.87,5.477,ok,full_band
r_030,Electric Concrete Production,eaf,,0,concrete,start-unlocked after freight and warehouse reserve,7.5,5.0,10.0,109.844,66.555,140.0,14.0,2.0,9.929,,,500,100,50,4.16,962,694,313,19.757,7.532,23.129,28.97,limestone: r_019 Limestone Mining; pure_water: r_105 Water Treatment; silica: r_035 Silica Washing,33.849,43.885,0,pipe_1_turn+rail_1_turn,1.38,1.05,5.102,ok,full_band
r_031,Direct Reduced Iron Smelting,furnace,Basic Blast Furnaces,1,iron_ingots,rank I default,15.0,5.0,30.0,79.04,35.816,140.0,14.0,1.0,20.154,,,500,100,50,4.16,1516,463,122,13.2,15.024,24.064,28.942,iron_ore: r_002 Iron Mining; hydrogen: r_080 Membraneless Electrolysis,29.807,38.431,0,pipe_1_turn+rail_1_turn,1.8,1.6,11.624,ok,full_band
r_032,Lithium Ion Battery Manufacturing,industrial_factory,Lithium Battery Storage,1,lithium_battery,lithium batteries should be deliberately unprofitable,-10.0,-50.0,-1.0,150.0,132.294,20.0,2.0,7.0,-25.275,,,500,100,50,4.16,1656,716,204,18.701,-9.995,4.546,18.101,lithium_carbonate: r_227 Rudimentary Lithium Refinement; electrical_components: r_127 Precision Electrical Components; graphite: r_042 Bio-Graphitisation; alloy_ingots: r_133 Alloy Metal Electrolysis,43.102,54.771,0,rail_1_turn,0.36,0.24,-10.595,ok,
r_033,Construction Equiment Assembly (ICE),industrial_factory,,0,construction_equipment_ice,start-unlocked after freight and warehouse reserve,7.5,5.0,10.0,420.408,335.765,20.0,2.0,7.0,18.626,,,500,100,50,4.16,5583,2811,727,68.115,7.528,71.483,95.333,steel: r_077 HIsarna Steel Making; rubber: r_107 E-Waste Recycling; plastics: r_024 Plastics Manufacturing; fuels: r_154 Coal Liquefaction; motor: r_065 SynRM Magnetless Motors,159.767,173.776,0,pipe_1_turn+rail_1_turn,1.38,0.98,5.168,ok,input_band
r_034,Construction Equipment Assembly (EV),industrial_factory,Electric Plant & Machinery,2,construction_equipment_ev,rank II default,30.0,20.0,60.0,399.492,298.929,20.0,2.0,7.0,40.91,,,500,100,50,4.16,5061,2532,658,61.558,30.005,87.403,109.122,steel: r_077 HIsarna Steel Making; rubber: r_107 E-Waste Recycling; plastics: r_024 Plastics Manufacturing; lithium_battery: r_099 Lithium Phosphate Batteries; motor: r_065 SynRM Magnetless Motors,166.243,179.755,0,rail_1_turn,0.88,0.52,28.605,ok,input_band
r_035,Silica Washing,petro_refinery,,0,silica,start-unlocked after freight and warehouse reserve,7.5,5.0,10.0,34.489,10.175,70.0,7.0,1.0,8.676,,,500,100,50,4.16,849,274,108,8.803,7.511,12.154,12.166,sand: r_018 Sand Excavation; pure_water: r_105 Water Treatment,12.263,15.404,0,pipe_1_turn+rail_1_turn,0.645,0.53,6.336,ok,input_band;full_band
r_037,Onshore wind generation,onshore_wind_farm,,0,power,start-unlocked after freight and warehouse reserve,7.5,5.0,10.0,13.68,0,0.0,0.0,2.0,7.52,,,500,100,50,4.16,501,101,50,4.173,7.507,7.52,7.507,,7.507,7.507,0,road_1_turn,4.56,0.0,2.947,ok,input_band;full_band
r_038,Gas Combined Cycle Turbines,coal_power,,0,power,start-unlocked after freight and warehouse reserve,7.5,5.0,10.0,25.8,11.151,0.0,0.0,2.0,7.727,,,500,100,50,4.16,574,137,62,5.136,7.513,8.489,9.718,processed_oil: r_180 Oil Refining,13.51,14.204,0,pipe_1_turn+road_1_turn,8.72,0.12,-1.327,ok,input_band;full_band
r_039,Lithium Electrolysis,electrolyser,Solid-Oxide Electrolysis,3,lithium_carbonate,lithium electrolysis remains a modest advanced route,20.0,15.0,25.0,59.877,32.779,160.0,16.0,1.0,-63.924,,,500,100,50,4.16,500,100,50,4.16,5.938,5.938,17.832,lithium_ore: r_016 Lithium Mining,17.832,25.882,0,rail_1_turn,0.3,0.2,5.438,quantity_or_price,standalone_band;input_band;full_band
r_040,Bayer Process,furnace,,0,alumina,alumina supports the aluminium starter chain,3.6,0.0,5.0,59.16,30.87,140.0,14.0,1.0,5.904,,,500,100,50,4.16,1120,322,94,9.683,3.607,9.13,12.983,bauxite_ore: r_015 Bauxite Mining; sodium_hydroxide: r_012 Chlor-Alkali Process,14.062,21.353,0,pipe_1_turn+rail_1_turn,0.99,1.3,1.317,ok,input_band;full_band
r_041,Rare Earth Reduction,electrolyser,,0,refined_ree,start-unlocked after freight and warehouse reserve,7.5,5.0,10.0,69.948,27.93,240.0,24.0,1.0,9.197,,,500,100,50,4.16,591,263,159,9.504,7.514,12.858,15.577,ree_ore: r_017 Rare Earth Mining; sodium_hydroxide: r_012 Chlor-Alkali Process; chlorine: r_012 Chlor-Alkali Process,16.858,28.042,0,pipe_1_turn+rail_1_turn,0.54,1.16,5.814,ok,input_band;full_band
r_042,Bio-Graphitisation,furnace,Biomass Cracking,3,graphite,rank III default,60.0,30.0,100.0,199.562,57.164,240.0,24.0,1.0,111.158,,,500,100,50,4.16,6472,2233,476,57.379,60.019,113.238,69.91,carbonised_biomass: r_217 Biomass Carbonisation; ammonia: r_046 Haber Bosch Process,84.041,99.547,0,pipe_1_turn+rail_1_turn,0.63,0.58,58.809,ok,
r_044,Silicon Smelting,eaf,,0,metallurgical_silicon,start-unlocked after freight and warehouse reserve,7.5,5.0,10.0,70.56,36.257,140.0,14.0,2.0,8.752,,,500,100,50,4.16,696,352,162,10.79,7.513,14.143,17.528,silica: r_035 Silica Washing; coal: r_001 Coal Mining,21.183,29.599,0,rail_1_turn,0.75,0.5,6.263,ok,full_band
r_045,Polysilicon (Siemens) Smelting,chem_plant,,0,polysilicon,start-unlocked after freight and warehouse reserve,7.5,5.0,10.0,73.509,18.522,240.0,24.0,4.0,7.701,,,500,100,50,4.16,1032,632,316,19.482,7.505,22.827,10.266,metallurgical_silicon: r_044 Silicon Smelting,13.683,25.387,0,rail_1_turn,0.12,0.08,7.305,ok,input_band;full_band
r_046,Haber Bosch Process,chem_plant,,0,ammonia,start-unlocked after freight and warehouse reserve,7.5,5.0,10.0,105.99,51.458,140.0,14.0,4.0,14.0,,,500,100,50,4.16,1363,963,482,29.03,7.501,32.372,28.124,nitrogen: r_087 Nitrogen Air Separation; hydrogen: r_080 Membraneless Electrolysis,30.198,41.794,0,pipe_1_turn,1.5,5.0,1.001,ok,full_band
r_047,Fertilisers Production,chem_plant,,0,fertilisers,start-unlocked after freight and warehouse reserve,7.5,5.0,10.0,291.936,41.895,70.0,7.0,4.0,216.51,,,500,100,50,4.16,8395,7995,3997,231.52,7.521,234.881,16.37,ammonia: r_046 Haber Bosch Process; chem_salts: r_010 Salt Mining; biomass: r_214 Sustainable Forestry - Biomass,22.423,28.771,0,pipe_1_turn+rail_1_turn,0.76,1.16,5.601,ok,full_band
r_050,Aluminium (Hall Heroult) Smelting,furnace,,0,aluminium,aluminium keeps the upper starter margin,5.0,0.0,5.0,113.82,75.236,240.0,24.0,1.0,6.199,,,500,100,50,4.16,996,277,85,8.566,5.018,9.424,21.237,alumina: r_082 Electric Calcination Alumina; graphite: r_042 Bio-Graphitisation; chem_salts: r_010 Salt Mining,31.364,48.37,0,rail_1_turn,0.72,0.48,3.818,labour,standalone_band;full_band
r_051,Desalination,desal,,0,pure_water,start-unlocked after freight and warehouse reserve,7.5,5.0,10.0,27.76,0,70.0,7.0,1.0,10.522,,,500,100,50,4.16,1107,404,151,12.253,7.507,15.6,7.507,,7.507,10.307,0,pipe_1_turn+rail_1_turn,1.425,1.35,4.732,ok,input_band;full_band
r_053,Industrial Glassmaking,furnace,,0,glass,start-unlocked after freight and warehouse reserve,7.5,5.0,10.0,67.296,32.839,140.0,14.0,1.0,10.28,,,500,100,50,4.16,1374,412,112,11.936,7.521,15.297,17.235,sand: r_018 Sand Excavation; sodium_hydroxide: r_012 Chlor-Alkali Process; limestone: r_019 Limestone Mining,18.449,25.834,0,pipe_1_turn+rail_1_turn,1.175,1.61,4.736,ok,input_band;full_band
r_054,High Strength Glassmaking,furnace,High Strength Glassmaking,1,glass,rank I default,15.0,5.0,30.0,65.193,29.037,140.0,14.0,1.0,15.368,,,500,100,50,4.16,723,180,66,6.154,15.003,16.996,21.659,silica: r_035 Silica Washing; alumina: r_082 Electric Calcination Alumina; sulphur: r_179 Sulphur Mining,25.171,33.392,0,rail_1_turn,0.52,0.45,14.033,ok,full_band
r_055,uPVC Window Manufacturing,industrial_factory,,0,windows,start-unlocked after freight and warehouse reserve,7.5,5.0,10.0,206.55,136.242,20.0,2.0,7.0,8.819,,,500,100,50,4.16,4444,2204,575,53.779,7.529,57.148,34.672,glass: r_054 High Strength Glassmaking; pvc: r_175 PVC Polymerisation,69.732,82.739,0,rail_1_turn,0.7,0.61,6.219,ok,
r_056,Window Manufacturing,industrial_factory,,0,windows,start-unlocked after freight and warehouse reserve,7.5,5.0,10.0,195.075,121.584,40.0,4.0,7.0,11.23,,,500,100,50,4.16,4538,2254,588,54.976,7.515,58.331,46.607,glass: r_054 High Strength Glassmaking; aluminium: r_107 E-Waste Recycling,60.37,75.78,0,rail_1_turn,0.685,0.55,6.28,ok,
r_057,Building Frame Manufacture,assembly_plant,,0,building_frame,start-unlocked after freight and warehouse reserve,7.5,5.0,10.0,381.238,245.681,20.0,2.0,13.0,9.546,,,500,100,50,4.16,2960,3790,2100,113.056,7.501,116.397,47.706,steel: r_077 HIsarna Steel Making; windows: r_056 Window Manufacturing; copper_pipe: r_219 Copper Pipe Moulding; electrical_components: r_127 Precision Electrical Components,109.749,125.824,0,rail_1_turn,1.38,0.66,5.461,ok,input_band
r_058,Solar Panel Manufacturing,assembly_plant,,0,solar_panel,start-unlocked after freight and warehouse reserve,7.5,5.0,10.0,246.744,128.654,20.0,2.0,13.0,8.549,,,500,100,50,4.16,2565,3198,1771,95.581,7.509,98.93,31.788,metallurgical_silicon: r_044 Silicon Smelting; electrical_components: r_127 Precision Electrical Components; alloy_ingots: r_133 Alloy Metal Electrolysis; aluminium: r_107 E-Waste Recycling,56.111,68.915,0,rail_1_turn,0.675,0.37,6.464,ok,
r_059,Wind Turbine Manufacturing,assembly_plant,,0,wind_turbine,start-unlocked after freight and warehouse reserve,7.5,5.0,10.0,207.273,117.134,20.0,2.0,13.0,7.85,,,500,100,50,4.16,1934,2251,1245,67.638,7.501,70.979,33.973,fibreglass: r_135 Fibreglass Production; refined_ree: r_226 Magnetic Separation Electrolysis; motor: r_065 SynRM Magnetless Motors; electrical_components: r_127 Precision Electrical Components,52.688,59.649,0,rail_1_turn,0.22,0.13,7.151,ok,
r_060,Durable Perovskite Solar Panels,assembly_plant,Atomic Layer Deposition,3,solar_panel,research-unlocked solar panels should be modestly profitable,50.0,40.0,60.0,370.116,191.981,20.0,2.0,13.0,95.845,,,500,100,50,4.16,2962,3792,2101,113.114,50.021,158.975,125.049,polysilicon: r_081 Fluidised Bed Reactor + CZ Silicon; electrical_components: r_127 Precision Electrical Components; alloy_ingots: r_133 Alloy Metal Electrolysis; aluminium: r_107 E-Waste Recycling; plastics: r_024 Plastics Manufacturing,146.492,162.716,0,rail_1_turn,0.54,0.25,49.231,ok,input_band
r_061,Segmented Assembly Wind Turbines,assembly_plant,Segmented Blade Assembly,2,wind_turbine,rank II default,30.0,20.0,60.0,207.273,92.524,20.0,2.0,13.0,32.459,,,500,100,50,4.16,1981,2322,1284,69.718,30.031,95.589,52.823,fibreglass: r_135 Fibreglass Production; refined_ree: r_226 Magnetic Separation Electrolysis; motor: r_065 SynRM Magnetless Motors; electrical_components: r_127 Precision Electrical Components,67.821,73.895,0,rail_1_turn,0.2,0.11,29.721,ok,
r_063,Heterojunction Solar Panels,high_tech_manufactory,Heterojunction Cell Lines,3,solar_panel,research-unlocked solar panels should be modestly profitable,50.0,40.0,60.0,370.116,243.437,20.0,2.0,9.0,66.748,,,500,100,50,4.16,1261,1813,1382,65.664,50.015,111.519,147.501,polysilicon: r_081 Fluidised Bed Reactor + CZ Silicon; electrical_components: r_127 Precision Electrical Components; alloy_ingots: r_133 Alloy Metal Electrolysis; aluminium: r_107 E-Waste Recycling; plastics: r_024 Plastics Manufacturing,172.697,193.198,0,rail_1_turn,0.57,0.27,49.175,ok,input_band
r_064,Triple Tandem Solar Panels,high_tech_manufactory,Tandem Cell Stacking,3,solar_panel,research-unlocked solar panels should be modestly profitable,50.0,40.0,60.0,462.645,314.972,20.0,2.0,9.0,84.561,,,500,100,50,4.16,1521,2398,1837,86.672,50.001,132.513,179.649,polysilicon: r_081 Fluidised Bed Reactor + CZ Silicon; electrical_components: r_127 Precision Electrical Components; alloy_ingots: r_133 Alloy Metal Electrolysis; aluminium: r_107 E-Waste Recycling; refined_ree: r_226 Magnetic Separation Electrolysis,207.639,234.911,0,rail_1_turn,0.705,0.32,48.976,ok,input_band
r_065,SynRM Magnetless Motors,assembly_plant,Synchronous Reluctance Drives,3,motor,rank III default,60.0,30.0,100.0,253.692,92.159,20.0,2.0,13.0,58.754,,,500,100,50,4.16,2361,2891,1600,86.509,60.025,142.374,90.539,steel: r_077 HIsarna Steel Making; copper_wiring: r_107 E-Waste Recycling; plastics: r_024 Plastics Manufacturing,98.507,102.637,0,rail_1_turn,0.685,0.52,58.82,ok,
r_066,Axial Flux Motors,assembly_plant,Axial Flux Motor Lines,1,motor,rank I default,15.0,5.0,30.0,263.088,101.84,20.0,2.0,13.0,15.017,,,500,100,50,4.16,3371,4406,2442,131.229,15.02,142.089,54.081,steel: r_077 HIsarna Steel Making; copper_wiring: r_107 E-Waste Recycling; refined_ree: r_226 Magnetic Separation Electrolysis; alloy_ingots: r_133 Alloy Metal Electrolysis,59.759,67.643,0,rail_1_turn,0.72,0.52,13.78,ok,
r_067,Rubber Vulcanisation,chem_plant,,0,tyres,tyres support modest direct integration,4.2,0.0,5.0,136.625,81.522,20.0,2.0,4.0,21.999,,,500,100,50,4.16,1914,1514,757,44.883,4.22,44.943,34.792,rubber: r_107 E-Waste Recycling; sulphur: r_179 Sulphur Mining,45.332,51.115,0,rail_1_turn,0.725,0.54,2.955,ok,
r_068,Car Body Manufacturing,industrial_factory,,0,car_body,start-unlocked after freight and warehouse reserve,7.5,5.0,10.0,158.256,96.618,20.0,2.0,7.0,8.805,,,500,100,50,4.16,3756,1836,484,45.133,7.505,48.478,39.197,steel: r_077 HIsarna Steel Making; aluminium: r_107 E-Waste Recycling; plastics: r_024 Plastics Manufacturing,54.105,64.047,0,rail_1_turn,0.855,0.44,6.21,ok,
r_069,Lightweight Car Bodies,assembly_plant,Composite Panel Pressing,2,car_body,rank II default,30.0,20.0,60.0,226.08,95.889,20.0,2.0,13.0,34.736,,,500,100,50,4.16,2330,2845,1575,85.168,30.023,111.031,57.409,steel: r_077 HIsarna Steel Making; aluminium: r_107 E-Waste Recycling; fibreglass: r_135 Fibreglass Production,68.931,77.057,0,rail_1_turn,0.9,0.41,28.713,ok,
r_071,ICE Engine Manufacturing,industrial_factory,,0,engine,start-unlocked after freight and warehouse reserve,7.5,5.0,10.0,275.358,200.116,20.0,2.0,7.0,9.224,,,500,100,50,4.16,4836,2413,628,58.736,7.506,62.082,69.949,steel: r_077 HIsarna Steel Making; copper_wiring: r_107 E-Waste Recycling; aluminium: r_107 E-Waste Recycling; processed_oil: r_180 Oil Refining; alkaline_battery: r_101 Alkaline Battery Manufacturing,91.117,104.512,0,pipe_1_turn+rail_1_turn,1.005,0.72,5.781,ok,
r_072,V8 Engine Manufacturing,industrial_factory,Precision Assembly Lines,1,engine,rank I default,15.0,5.0,30.0,275.358,163.699,20.0,2.0,7.0,15.02,,,500,100,50,4.16,7134,3638,934,87.642,15.017,98.499,56.138,steel: r_077 HIsarna Steel Making; aluminium: r_107 E-Waste Recycling; processed_oil: r_180 Oil Refining; electrical_components: r_127 Precision Electrical Components; alkaline_battery: r_101 Alkaline Battery Manufacturing,87.052,99.569,0,pipe_1_turn+rail_1_turn,0.84,0.58,13.597,ok,
r_073,Large Vehicle Engine Manufacturing,assembly_plant,Heavy Engine Casting,1,large_engine,rank I default,15.0,5.0,30.0,465.641,307.961,20.0,2.0,13.0,17.714,,,500,100,50,4.16,3290,4285,2375,127.664,15.016,138.52,96.604,steel: r_077 HIsarna Steel Making; aluminium: r_107 E-Waste Recycling; processed_oil: r_180 Oil Refining; electrical_components: r_127 Precision Electrical Components; alkaline_battery: r_101 Alkaline Battery Manufacturing,150.726,174.665,0,pipe_1_turn+rail_1_turn,1.62,1.09,12.306,ok,input_band
r_074,Hybrid Engine Manufacturing,assembly_plant,Hybrid Powertrain Integration,1,engine,rank I default,15.0,5.0,30.0,321.251,201.707,20.0,2.0,13.0,22.192,,,500,100,50,4.16,2429,2993,1657,89.53,15.014,100.384,72.141,aluminium: r_107 E-Waste Recycling; circuit_board: r_121 Circuit Printing; processed_oil: r_180 Oil Refining; lithium_battery: r_099 Lithium Phosphate Batteries; motor: r_065 SynRM Magnetless Motors,102.138,112.979,0,pipe_1_turn+rail_1_turn,0.59,0.37,14.054,ok,input_band
r_076,Electric Arc Steelmaking,eaf,Electric Arc Refining,2,steel,rank II default,30.0,20.0,60.0,91.75,30.458,140.0,14.0,2.0,34.376,,,500,100,50,4.16,829,523,238,15.29,30.002,41.132,39.713,iron_ingots: r_031 Direct Reduced Iron Smelting; hydrogen: r_080 Membraneless Electrolysis,43.361,52.386,0,pipe_1_turn+rail_1_turn,1.11,1.06,27.832,ok,
r_077,HIsarna Steel Making,furnace,Alloy Heat Treatment,2,steel,rank II default,30.0,20.0,60.0,91.75,21.403,140.0,14.0,1.0,48.166,,,500,100,50,4.16,2876,949,219,25.322,30.025,51.187,35.325,iron_ingots: r_031 Direct Reduced Iron Smelting; oxygen: r_080 Membraneless Electrolysis; coal: r_001 Coal Mining,38.704,46.453,0,pipe_1_turn+rail_1_turn,1.2,1.12,27.705,ok,full_band
r_078,Methane Pyrolysis,electrolyser,Methane Pyrolysis,2,hydrogen,rank II default,30.0,20.0,60.0,125.368,44.604,140.0,14.0,1.0,58.599,,,500,100,50,4.16,1037,1066,694,35.76,30.004,61.604,38.823,processed_oil: r_180 Oil Refining,53.994,62.367,0,pipe_1_turn+rail_1_turn,1.08,2.16,26.764,ok,
r_079,Water Electrolysis,electrolyser,,0,hydrogen,start-unlocked after freight and warehouse reserve,7.5,5.0,10.0,47.95,6.527,240.0,24.0,1.0,9.492,,,500,100,50,4.16,581,245,147,8.915,7.508,12.263,11.319,pure_water: r_105 Water Treatment,11.455,21.159,0,pipe_1_turn,1.05,2.52,3.938,ok,input_band;full_band
r_080,Membraneless Electrolysis,electrolyser,Membraneless Electrolysis,2,hydrogen,rank II default,30.0,20.0,60.0,75.35,6.527,240.0,24.0,1.0,36.892,,,500,100,50,4.16,664,395,247,13.821,30.002,39.663,33.814,pure_water: r_105 Water Treatment,33.95,43.653,0,pipe_1_turn,1.41,3.72,24.872,ok,full_band
r_081,Fluidised Bed Reactor + CZ Silicon,chem_plant,Czochralski Crystal Growth,3,polysilicon,rank III default,60.0,30.0,100.0,147.018,30.801,240.0,24.0,4.0,68.931,,,500,100,50,4.16,1335,935,467,28.192,60.025,84.057,66.557,metallurgical_silicon: r_044 Silicon Smelting; industrial_acids: r_114 Hydrochloric Acid Production; hydrogen: r_080 Membraneless Electrolysis; alloy_ingots: r_133 Alloy Metal Electrolysis,71.286,84.113,0,pipe_1_turn+rail_1_turn,0.285,0.51,59.23,ok,
r_082,Electric Calcination Alumina,chem_plant,,0,alumina,start-unlocked after freight and warehouse reserve,7.5,5.0,10.0,106.488,43.05,200.0,20.0,4.0,11.886,,,500,100,50,4.16,1464,1064,532,31.923,7.515,35.278,22.629,bauxite_ore: r_015 Bauxite Mining; hydrogen: r_080 Membraneless Electrolysis; sodium_hydroxide: r_012 Chlor-Alkali Process,24.13,35.399,0,pipe_1_turn+rail_1_turn,1.41,1.74,4.365,ok,full_band
r_083,ELYSIS Aluminium,eaf,Electric Arc Refining,2,aluminium,rank II default,30.0,20.0,60.0,87.047,37.359,200.0,20.0,2.0,16.51,,,500,100,50,4.16,500,100,50,4.16,23.528,23.528,29.397,alumina: r_082 Electric Calcination Alumina; chem_salts: r_010 Salt Mining,34.34,46.306,0,rail_1_turn,0.555,0.37,22.603,ok,full_band
r_084,Aluminium Direct Carbothermic Electrolysis,eaf,Ultra-High-Power Arcs,2,aluminium,rank II default,30.0,20.0,60.0,130.893,69.157,200.0,20.0,2.0,29.086,,,500,100,50,4.16,664,312,144,9.728,30.008,35.576,46.301,alumina: r_082 Electric Calcination Alumina; graphite: r_042 Bio-Graphitisation,55.959,70.642,0,rail_1_turn,0.63,0.42,28.958,ok,
r_087,Nitrogen Air Separation,chem_plant,Process Intensification,1,nitrogen,rank I default,15.0,5.0,30.0,58.8,0,140.0,14.0,4.0,21.514,,,500,100,50,4.16,1251,851,425,25.773,15.027,36.64,15.027,,15.027,20.627,0,pipe_1_turn,1.5,5.0,8.527,ok,input_band;full_band
r_099,Lithium Phosphate Batteries,high_tech_manufactory,Lithium Iron Phosphate Cells,2,lithium_battery,researched LFP batteries should profitably outperform conventional lithium-ion cells,45.0,30.0,60.0,200.0,97.436,20.0,2.0,9.0,43.135,,,500,100,50,4.16,1025,1281,968,46.554,45.011,87.404,67.115,lithium_carbonate: r_227 Rudimentary Lithium Refinement; chem_salts: r_010 Salt Mining; copper_wiring: r_107 E-Waste Recycling; graphite: r_042 Bio-Graphitisation; industrial_acids: r_114 Hydrochloric Acid Production,81.529,90.485,0,pipe_1_turn+rail_1_turn,0.405,0.44,44.166,ok,
r_101,Alkaline Battery Manufacturing,industrial_factory,,0,alkaline_battery,start-unlocked after freight and warehouse reserve,7.5,5.0,10.0,131.832,60.522,20.0,2.0,7.0,9.206,,,500,100,50,4.16,4524,2246,586,54.79,7.52,58.15,30.417,alloy_ingots: r_133 Alloy Metal Electrolysis; chem_salts: r_010 Salt Mining,33.75,39.553,0,rail_1_turn,1.02,0.68,5.82,ok,full_band
r_102,Sodium Ion Battery Manufacturing,assembly_plant,Sodium Battery Storage,2,sodium_battery,rank II default,30.0,20.0,60.0,90.0,23.576,2.0,0.2,13.0,49.064,,,500,100,50,4.16,930,746,408,23.194,30.031,49.064,38.499,basic_salt: r_010 Salt Mining; aluminium: r_107 E-Waste Recycling; graphite: r_042 Bio-Graphitisation,40.594,42.816,0,rail_1_turn,0.195,0.13,29.706,ok,full_band
r_105,Water Treatment,water_recycling,Wastewater Bioreactors,2,pure_water,rank II default,30.0,20.0,60.0,53.28,2.52,20.0,2.0,1.0,39.315,,,500,100,50,4.16,1519,610,220,17.757,30.003,43.6,31.0,waste_water: r_212 Livestock Farming - Biomass,31.17,32.055,0,pipe_1_turn,4.32,4.32,21.363,ok,full_band
r_106,Scrap Recycling,eaf,,0,steel,start-unlocked after freight and warehouse reserve,7.5,5.0,10.0,49.545,20.16,70.0,7.0,2.0,8.427,,,500,100,50,4.16,758,431,197,12.867,7.518,16.225,7.518,,7.518,10.318,0,rail_1_turn,0.765,0.51,6.243,ok,input_band;full_band
r_107,E-Waste Recycling,recycling_plant,Advanced Oxidation Loops,1,copper_wiring,rank I default,15.0,5.0,30.0,41.443,18.9,20.0,2.0,2.0,5.167,,,500,100,50,4.16,500,100,50,4.16,14.383,14.383,14.383,,14.383,15.183,0,rail_1_turn,0.59,0.41,13.383,ok,input_band;full_band
r_108,Biowaste Recycling,recycling_plant,Biowaste Digestion,1,biomass,rank I default,15.0,5.0,30.0,43.632,9.45,20.0,2.0,2.0,16.806,,,500,100,50,4.16,1326,513,187,15.152,15.03,26.022,15.03,,15.03,15.83,0,rail_1_turn,0.78,0.78,13.47,ok,input_band;full_band
r_114,Hydrochloric Acid Production,industrial_factory,,0,industrial_acids,start-unlocked after freight and warehouse reserve,7.5,5.0,10.0,156.15,75.978,70.0,7.0,7.0,18.143,,,500,100,50,4.16,4831,2410,627,58.659,7.513,62.012,35.57,chlorine: r_012 Chlor-Alkali Process; hydrogen: r_080 Membraneless Electrolysis,40.867,52.312,0,pipe_1_turn,2.43,8.1,-3.017,ok,
r_115,Sulphuric Acid Production,industrial_factory,,0,industrial_acids,sulphuric acid should be modestly profitable,5.0,0.0,10.0,10.41,29.137,70.0,7.0,7.0,-82.068,,,500,100,50,4.16,500,100,50,4.16,-36.888,-36.888,-24.685,sulphur: r_179 Sulphur Mining; pure_water: r_105 Water Treatment,-24.52,-20.544,0,pipe_1_turn+rail_1_turn,0.915,1.02,-38.823,quantity_or_price,standalone_band;input_band;full_band
r_116,Generic Acid Production,industrial_factory,,0,industrial_acids,generic acid should be deliberately loss-making,-12.5,-20.0,-5.0,124.92,66.78,70.0,7.0,7.0,-3.889,,,500,100,50,4.16,4669,2324,605,56.611,-12.471,39.98,14.487,chem_salts: r_010 Salt Mining; hydrogen: r_080 Membraneless Electrolysis,16.561,25.741,0,pipe_1_turn+rail_1_turn,1.8,5.04,-19.311,ok,input_band;full_band
r_117,ICE Car Production,industrial_factory,,0,ice_car,ICE cars should be slightly profitable,15.0,0.0,30.0,613.824,531.958,20.0,2.0,7.0,16.824,,,500,100,50,4.16,4767,2376,618,57.84,15.026,68.706,74.627,car_body: r_069 Lightweight Car Bodies; engine: r_072 V8 Engine Manufacturing; glass: r_054 High Strength Glassmaking; tyres: r_165 Radial Axial Tire Production; fuels: r_154 Coal Liquefaction,211.014,238.606,0,pipe_1_turn+rail_1_turn,1.155,0.67,13.201,ok,input_band
r_118,Automated ICE Car Assembly,assembly_plant,Automated Body-in-White Lines,2,ice_car,automated ICE assembly should beat the base recipe margin,40.0,30.0,50.0,920.736,690.15,20.0,2.0,13.0,42.392,,,500,100,50,4.16,4372,5909,3277,175.581,40.005,211.426,117.867,car_body: r_069 Lightweight Car Bodies; engine: r_072 V8 Engine Manufacturing; glass: r_054 High Strength Glassmaking; tyres: r_165 Radial Axial Tire Production; fuels: r_154 Coal Liquefaction,294.366,330.048,0,pipe_1_turn+rail_1_turn,1.52,0.87,37.615,ok,input_band
r_119,EV Assembly,assembly_plant,Electric Vehicle Assembly,1,ev_car,unlocked EVs can carry larger base profit,65.0,30.0,100.0,702.045,495.93,20.0,2.0,13.0,73.355,,,500,100,50,4.16,3255,4232,2346,126.115,65.0,186.955,167.267,car_body: r_069 Lightweight Car Bodies; motor: r_065 SynRM Magnetless Motors; glass: r_054 High Strength Glassmaking; tyres: r_165 Radial Axial Tire Production; lithium_battery: r_099 Lithium Phosphate Batteries; cpu: r_123 Fabless Semiconductors,266.953,288.323,0,rail_1_turn,0.87,0.5,63.63,ok,input_band
r_120,Basic Circuit Soldering,industrial_factory,,0,circuit_board,start-unlocked after freight and warehouse reserve,7.5,5.0,10.0,177.468,118.572,20.0,2.0,7.0,8.286,,,500,100,50,4.16,3537,1720,455,42.39,7.505,45.736,35.922,copper_wiring: r_107 E-Waste Recycling; plastics: r_024 Plastics Manufacturing; alloy_ingots: r_133 Alloy Metal Electrolysis,61.895,68.395,0,rail_1_turn,0.405,0.39,6.71,ok,
r_121,Circuit Printing,assembly_plant,300mm Wafer Lines,2,circuit_board,rank II default,30.0,20.0,60.0,162.679,54.606,20.0,2.0,13.0,25.783,,,500,100,50,4.16,1831,2096,1159,63.069,30.004,88.913,42.093,copper_wiring: r_107 E-Waste Recycling; plastics: r_024 Plastics Manufacturing; metallurgical_silicon: r_044 Silicon Smelting,54.074,57.858,0,rail_1_turn,0.24,0.23,29.534,ok,
r_122,Semiconductor Fabbing,assembly_plant,,0,cpu,base CPU production should be deliberately unprofitable,-10.0,-50.0,-1.0,354.055,266.007,20.0,2.0,13.0,-9.304,,,500,100,50,4.16,2282,2773,1535,83.043,-9.995,68.888,58.502,metallurgical_silicon: r_044 Silicon Smelting; circuit_board: r_121 Circuit Printing; industrial_acids: r_114 Hydrochloric Acid Production; refined_ree: r_226 Magnetic Separation Electrolysis,97.104,113.934,0,pipe_1_turn+rail_1_turn,0.335,0.36,-10.69,ok,
r_123,Fabless Semiconductors,high_tech_manufactory,Advanced Photolithography,2,cpu,unlocked CPU/computer recipes can carry larger base profit,65.0,30.0,100.0,354.055,159.501,20.0,2.0,9.0,36.696,,,500,100,50,4.16,1916,3285,2527,118.531,65.023,179.394,126.995,polysilicon: r_081 Fluidised Bed Reactor + CZ Silicon; circuit_board: r_121 Circuit Printing; chem_salts: r_010 Salt Mining; refined_ree: r_226 Magnetic Separation Electrolysis,141.748,155.274,0,rail_1_turn,0.175,0.14,64.708,ok,input_band
r_124,Semiconductor 3D Printing,high_tech_manufactory,Additive Semiconductor Printing,3,cpu,3D semiconductor printing has a controlled advanced margin,60.0,40.0,80.0,354.055,130.682,20.0,2.0,9.0,60.271,,,500,100,50,4.16,2334,4227,3260,152.368,60.005,208.213,113.258,polysilicon: r_081 Fluidised Bed Reactor + CZ Silicon; circuit_board: r_121 Circuit Printing; refined_ree: r_226 Magnetic Separation Electrolysis,124.388,135.8,0,rail_1_turn,0.135,0.11,59.76,ok,input_band
r_125,Computer Assembly,assembly_plant,,0,computer,start-unlocked after freight and warehouse reserve,7.5,5.0,10.0,479.97,372.197,20.0,2.0,13.0,25.484,,,500,100,50,4.16,2332,2848,1577,85.267,7.506,88.613,90.636,circuit_board: r_121 Circuit Printing; cpu: r_123 Fabless Semiconductors; aluminium: r_107 E-Waste Recycling; plastics: r_024 Plastics Manufacturing,166.591,182.177,0,rail_1_turn,0.22,0.21,7.076,ok,input_band
r_126,Electrical Components Production,industrial_factory,,0,electrical_components,start-unlocked after freight and warehouse reserve,7.5,5.0,10.0,135.432,80.598,20.0,2.0,7.0,8.266,,,500,100,50,4.16,3215,1548,412,38.333,7.501,41.674,31.05,copper_wiring: r_107 E-Waste Recycling; plastics: r_024 Plastics Manufacturing; chem_salts: r_010 Salt Mining,41.664,45.39,0,rail_1_turn,0.425,0.34,6.736,ok,full_band
r_127,Precision Electrical Components,high_tech_manufactory,Precision Electronics Assembly,2,electrical_components,rank II default,30.0,20.0,60.0,237.006,139.272,20.0,2.0,9.0,27.473,,,500,100,50,4.16,1151,1564,1188,56.714,30.02,82.574,76.381,copper_wiring: r_107 E-Waste Recycling; pvc: r_175 PVC Polymerisation; refined_ree: r_226 Magnetic Separation Electrolysis,93.51,104.481,0,rail_1_turn,0.56,0.43,29.03,ok,
r_131,Hydrogen Power,coal_power,Hydrogen Combustion Turbines,1,power,rank I default,15.0,5.0,30.0,152.4,6.93,0.0,0.0,2.0,138.548,,,500,100,50,4.16,9823,4761,1604,128.467,15.003,139.31,17.961,hydrogen: r_080 Membraneless Electrolysis,18.306,19.156,0,pipe_1_turn+road_1_turn,50.86,0.2,-36.057,ok,input_band;full_band
r_132,Alloy Metal Smelting,furnace,,0,alloy_ingots,start-unlocked after freight and warehouse reserve,7.5,5.0,10.0,50.46,20.202,140.0,14.0,1.0,8.765,,,500,100,50,4.16,903,244,78,7.728,7.53,11.098,14.744,alloy_ore: r_134 Alloy Metal Mining,14.744,21.344,0,rail_1_turn,0.75,0.5,6.28,ok,input_band;full_band
r_133,Alloy Metal Electrolysis,electrolyser,Molten Salt Alloy Electrolysis,2,alloy_ingots,rank II default,30.0,20.0,60.0,84.1,24.402,200.0,20.0,1.0,30.138,,,500,100,50,4.16,577,239,142,8.685,30.013,34.538,37.67,alloy_ore: r_134 Alloy Metal Mining; sodium_hydroxide: r_012 Chlor-Alkali Process,38.345,47.652,0,pipe_1_turn+rail_1_turn,1.2,1.2,27.613,ok,full_band
r_134,Alloy Metal Mining,mine,,0,alloy_ore,start-unlocked after freight and warehouse reserve,7.5,5.0,10.0,23.088,0,30.0,3.0,2.0,8.088,16.354,1.354,500,100,50,4.16,1685,281,78,10.586,7.502,13.928,7.502,,7.502,8.702,0,rail_1_turn,0.36,0.24,6.902,ok,input_band;full_band
r_135,Fibreglass Production,industrial_factory,,0,fibreglass,start-unlocked after freight and warehouse reserve,7.5,5.0,10.0,70.314,22.878,20.0,2.0,7.0,7.741,,,500,100,50,4.16,2627,1234,333,30.909,7.527,34.276,11.323,glass: r_054 High Strength Glassmaking; plastics: r_024 Plastics Manufacturing,18.675,21.334,0,rail_1_turn,0.12,0.12,7.287,ok,input_band;full_band
r_136,Iron Air Batteries,industrial_factory,Iron-Air Battery Cells,2,iron_battery,iron-air cells are a deliberately thin-margin route to cheap bulk storage,5.0,0.0,10.0,30.0,16.321,5.0,0.5,7.0,2.019,,,500,100,50,4.16,500,100,50,4.16,2.019,2.019,7.524,iron_ingots: r_031 Direct Reduced Iron Smelting; oxygen: r_080 Membraneless Electrolysis; steel: r_077 HIsarna Steel Making; pure_water: r_105 Water Treatment,9.765,11.427,0,pipe_1_turn+rail_1_turn,0.42,0.48,1.119,ok,input_band;full_band
r_145,Offshore Wind Power Generation,offshore_wind_farm,,0,power,start-unlocked after freight and warehouse reserve,7.5,5.0,10.0,14.7,0,0.0,0.0,3.0,7.54,,,500,100,50,4.16,502,101,50,4.176,7.524,7.54,7.524,,7.524,7.524,0,road_1_turn,4.9,0.0,2.624,ok,input_band;full_band
r_146,Solar Power Generation,solar_farm,,0,power,start-unlocked after freight and warehouse reserve,7.5,5.0,10.0,13.68,0,0.0,0.0,2.0,7.52,,,500,100,50,4.16,501,101,50,4.173,7.507,7.52,7.507,,7.507,7.507,0,road_1_turn,4.56,0.0,2.947,ok,input_band;full_band
r_150,Petroleum Needle Coke Calcination,petro_refinery,,0,graphite,start-unlocked after freight and warehouse reserve,7.5,5.0,10.0,90.71,50.551,240.0,24.0,1.0,8.154,,,500,100,50,4.16,762,231,93,7.632,7.527,10.999,16.628,pet_coke: r_218 Petroleum Coking,31.799,46.661,0,rail_1_turn,0.39,0.26,6.877,ok,full_band
r_151,Petroleum Needle Coke Power,petro_refinery,,0,power,start-unlocked after freight and warehouse reserve,7.5,5.0,10.0,40.8,25.276,0.0,0.0,1.0,7.75,,,500,100,50,4.16,715,207,85,6.995,7.529,10.364,12.08,pet_coke: r_218 Petroleum Coking,19.665,22.296,0,rail_1_turn+road_1_turn,13.72,0.08,-6.271,ok,input_band;full_band
r_154,Coal Liquefaction,chem_plant,Fischer-Tropsch Synthesis,2,fuels,rank II default,30.0,20.0,60.0,201.195,11.13,70.0,7.0,4.0,159.779,,,500,100,50,4.16,5531,5131,2565,149.037,30.028,174.905,34.441,coal: r_001 Coal Mining; hydrogen: r_080 Membraneless Electrolysis,34.787,38.637,0,pipe_1_turn+rail_1_turn,2.76,2.85,24.418,ok,full_band
r_165,Radial Axial Tire Production,industrial_factory,,0,tyres,radial axial tyres should be modestly profitable,7.5,0.0,15.0,196.74,114.964,20.0,2.0,7.0,17.873,,,500,100,50,4.16,5355,2689,697,65.254,7.521,68.616,50.034,rubber: r_107 E-Waste Recycling; sulphur: r_179 Sulphur Mining; steel: r_077 HIsarna Steel Making,65.288,74.373,0,rail_1_turn,1.165,0.83,5.526,ok,
r_175,PVC Polymerisation,poly_plant,,0,pvc,start-unlocked after freight and warehouse reserve,7.5,5.0,10.0,90.848,62.271,70.0,7.0,1.0,11.201,,,500,100,50,4.16,764,439,200,13.059,7.518,16.417,38.923,ethylene: r_228 Bio Ethylene; chlorine: r_012 Chlor-Alkali Process,43.248,48.658,0,pipe_1_turn+rail_1_turn,0.94,2.76,3.818,ok,full_band
r_177,Shale Oil Fracking,fracking_oil_well,Shale Oil Fracturing,1,crude_oil,rank I default,15.0,5.0,30.0,30.914,0,30.0,3.0,2.0,16.25,30.914,16.25,500,100,50,4.16,1006,353,134,10.896,15.018,21.754,15.018,,15.018,16.218,0,pipe_1_turn,0.87,0.87,13.278,ok,input_band;full_band
r_178,Offshore Oil Extraction,offshore_oil_platform,Offshore Drilling Platforms,2,crude_oil,rank II default,30.0,20.0,60.0,47.97,0,30.0,3.0,2.0,33.306,47.97,33.306,500,100,50,4.16,1161,430,160,12.963,30.007,38.81,30.007,,30.007,31.207,0,pipe_1_turn,1.35,1.35,27.307,ok,full_band
r_179,Sulphur Mining,mine,,0,sulphur,start-unlocked after freight and warehouse reserve,7.5,5.0,10.0,23.088,0,30.0,3.0,2.0,8.088,19.24,4.24,500,100,50,4.16,1685,281,78,10.586,7.502,13.928,7.502,,7.502,8.702,0,rail_1_turn,0.36,0.24,6.902,ok,input_band;full_band
r_180,Oil Refining,petro_refinery,,0,processed_oil,start-unlocked after freight and warehouse reserve,7.5,5.0,10.0,47.79,22.386,70.0,7.0,1.0,9.766,,,500,100,50,4.16,930,315,121,9.872,7.532,13.244,24.599,crude_oil: r_222 Subsea Manifold Extraction,24.599,27.719,0,pipe_1_turn,1.14,1.14,5.252,ok,full_band
r_181,Oil Power Production,coal_power,,0,power,start-unlocked after freight and warehouse reserve,7.5,5.0,10.0,31.5,16.727,0.0,0.0,2.0,7.852,,,500,100,50,4.16,583,142,63,5.245,7.529,8.613,10.836,processed_oil: r_180 Oil Refining,16.525,17.565,0,pipe_1_turn+road_1_turn,10.68,0.18,-3.331,ok,input_band;full_band
r_203,Hairpin Stator Motors,assembly_plant,Hairpin Stator Winding,1,motor,rank I default,15.0,5.0,30.0,263.088,100.395,20.0,2.0,13.0,15.028,,,500,100,50,4.16,3403,4455,2469,132.666,15.028,143.533,53.421,steel: r_077 HIsarna Steel Making; copper_wiring: r_107 E-Waste Recycling; refined_ree: r_226 Magnetic Separation Electrolysis,59.132,66.819,0,rail_1_turn,0.705,0.51,13.813,ok,
r_204,Heavy Vehicles Assembly,industrial_factory,,0,heavy_vehicle,base heavy vehicles should stay slightly profitable,15.0,0.0,30.0,1140.0,893.52,20.0,2.0,7.0,18.047,,,500,100,50,4.16,17845,9351,2362,222.458,15.023,233.32,151.143,car_body: r_069 Lightweight Car Bodies; large_engine: r_207 Heavy Electric Motor; lithium_battery: r_099 Lithium Phosphate Batteries; fuels: r_154 Coal Liquefaction,361.224,403.309,3.309,pipe_1_turn+rail_1_turn,1.665,1.03,12.328,structural_cap_review,input_band;full_band;profit_cap
r_205,Heavy Vehicles Automated Manufacturing,assembly_plant,Heavy Vehicle Assembly,1,heavy_vehicle,automated heavy vehicles should have a controlled advanced margin,50.0,30.0,70.0,1140.0,893.52,20.0,2.0,13.0,53.029,,,500,100,50,4.16,4506,6108,3388,181.472,50.008,227.32,186.128,car_body: r_069 Lightweight Car Bodies; large_engine: r_207 Heavy Electric Motor; lithium_battery: r_099 Lithium Phosphate Batteries; fuels: r_154 Coal Liquefaction,396.209,438.295,38.295,pipe_1_turn+rail_1_turn,1.665,1.03,47.313,structural_cap_review,input_band;full_band;profit_cap
r_206,Electric Heavy Vehicles Manufacturing,assembly_plant,Electric Drivetrain Integration,2,heavy_vehicle,electric heavy vehicles should lead the heavy vehicle tier without breaching the integration cap,60.0,60.0,90.0,1140.0,891.342,20.0,2.0,13.0,63.889,,,500,100,50,4.16,4329,5843,3241,173.658,60.001,229.498,199.497,car_body: r_069 Lightweight Car Bodies; large_engine: r_207 Heavy Electric Motor; lithium_battery: r_099 Lithium Phosphate Batteries,403.962,443.753,43.753,rail_1_turn,1.035,0.39,58.576,structural_cap_review,input_band;full_band;profit_cap
r_207,Heavy Electric Motor,assembly_plant,Motor Winding Automation,2,large_engine,rank II default,30.0,20.0,60.0,550.303,355.19,20.0,2.0,13.0,55.147,,,500,100,50,4.16,3797,5046,2797,150.096,30.017,175.953,127.247,steel: r_077 HIsarna Steel Making; aluminium: r_107 E-Waste Recycling; motor: r_065 SynRM Magnetless Motors; electrical_components: r_127 Precision Electrical Components,184.0,201.975,0,rail_1_turn,1.17,0.65,28.197,ok,input_band
r_208,Sustainable Biomass Production,farm,Energy Crop Cultivation,1,biomass,rank I default,15.0,5.0,30.0,14.135,12.772,10.0,1.0,1.0,-6.74,,,500,100,50,4.16,500,100,50,4.16,-4.797,-4.797,-3.876,fertilisers: r_047 Fertilisers Production,-3.255,-2.59,0,pipe_1_turn+rail_1_turn,0.315,0.31,-5.422,quantity_or_price,standalone_band;input_band;full_band
r_209,Strip Farming - Biomass,farm,,0,biomass,start-unlocked after freight and warehouse reserve,7.5,5.0,10.0,23.316,52.021,10.0,1.0,1.0,-36.808,,,500,100,50,4.16,500,100,50,4.16,-34.865,-34.865,-30.634,fertilisers: r_047 Fertilisers Production; pure_water: r_105 Water Treatment,-28.131,-26.659,0,pipe_1_turn+rail_1_turn,0.81,0.79,-36.465,quantity_or_price,standalone_band;input_band;full_band
r_211,Agri Solar Farming - Biomass,farm,,0,biomass,start-unlocked after freight and warehouse reserve,7.5,5.0,10.0,9.59,0,10.0,1.0,1.0,1.488,,,500,100,50,4.16,500,100,50,4.16,3.43,3.43,3.43,,3.43,3.83,0,pipe_1_turn+rail_1_turn,0.25,0.25,2.93,quantity_or_price,standalone_band;input_band;full_band
r_212,Livestock Farming - Biomass,farm,,0,biomass,start-unlocked after freight and warehouse reserve,7.5,5.0,10.0,11.908,1.399,10.0,1.0,1.0,2.407,,,500,100,50,4.16,500,100,50,4.16,4.349,4.349,5.166,pure_water: r_105 Water Treatment,5.195,5.617,0,pipe_1_turn+rail_1_turn,0.51,0.51,3.329,quantity_or_price,standalone_band;input_band;full_band
r_213,Aggressive Logging - Biomass,new_forest,,0,biomass,start-unlocked after freight and warehouse reserve,7.5,5.0,10.0,27.27,0,10.0,1.0,3.0,8.096,,,500,100,50,4.16,1371,535,195,15.763,7.507,19.11,7.507,,7.507,7.907,0,rail_1_turn,0.3,0.3,6.907,ok,input_band;full_band
r_214,Sustainable Forestry - Biomass,new_forest,Sustainable Forestry,2,biomass,rank II default,30.0,20.0,60.0,49.995,0,10.0,1.0,3.0,30.821,,,500,100,50,4.16,1387,544,197,15.965,30.03,41.835,30.03,,30.03,30.43,0,rail_1_turn,0.55,0.55,28.93,ok,full_band
r_215,Gentle Pruning - Biomass,new_forest,,0,biomass,start-unlocked after freight and warehouse reserve,7.5,5.0,10.0,27.27,0,10.0,1.0,3.0,8.096,,,500,100,50,4.16,1371,535,195,15.763,7.507,19.11,7.507,,7.507,7.907,0,rail_1_turn,0.3,0.3,6.907,ok,input_band;full_band
r_217,Biomass Carbonisation,furnace,,0,carbonised_biomass,start-unlocked after freight and warehouse reserve,7.5,5.0,10.0,53.298,22.907,140.0,14.0,1.0,8.428,,,500,100,50,4.16,918,249,80,7.888,7.503,11.231,21.698,biomass: r_214 Sustainable Forestry - Biomass,21.698,27.473,0,rail_1_turn,0.51,0.42,6.573,ok,full_band
r_218,Petroleum Coking,petro_refinery,,0,pet_coke,start-unlocked after freight and warehouse reserve,7.5,5.0,10.0,54.162,22.386,140.0,14.0,1.0,9.138,,,500,100,50,4.16,883,292,113,9.245,7.531,12.616,24.598,crude_oil: r_222 Subsea Manifold Extraction,24.598,30.518,0,pipe_1_turn+rail_1_turn,0.87,0.78,5.881,ok,full_band
r_219,Copper Pipe Moulding,furnace,Alloy Heat Treatment,2,copper_pipe,rank II default,30.0,20.0,60.0,81.486,36.851,70.0,7.0,1.0,30.664,,,500,100,50,4.16,777,199,69,6.605,30.03,32.475,44.123,copper_ingots: r_020 Flash Copper Smelting; chem_salts: r_010 Salt Mining,47.875,53.571,0,rail_1_turn,0.645,0.43,28.955,ok,
r_220,Copper Pipe Manufacturing,industrial_factory,Precision Tube Drawing,2,copper_pipe,rank II default,30.0,20.0,60.0,144.864,38.394,70.0,7.0,7.0,61.452,,,500,100,50,4.16,5133,2571,667,62.451,30.018,88.31,43.684,copper_ingots: r_020 Flash Copper Smelting; industrial_acids: r_114 Hydrochloric Acid Production,48.177,54.021,0,pipe_1_turn+rail_1_turn,0.96,0.72,28.338,ok,
r_221,Deepwater Oil Extraction,offshore_oil_platform,Dynamic-Positioning Drilling,2,crude_oil,rank II default,30.0,20.0,60.0,47.97,0,30.0,3.0,2.0,33.306,,,500,100,50,4.16,1161,430,160,12.963,30.007,38.81,30.007,,30.007,31.207,0,pipe_1_turn,1.35,1.35,27.307,ok,full_band
r_222,Subsea Manifold Extraction,offshore_oil_platform,Subsea Production Systems,3,crude_oil,rank III default,60.0,30.0,100.0,79.95,0,30.0,3.0,2.0,65.286,79.95,65.286,500,100,50,4.16,1309,504,185,14.947,60.003,70.79,60.003,,60.003,61.203,0,pipe_1_turn,2.25,2.25,55.503,ok,
r_223,Floating Offshore Wind Power,offshore_wind_farm,Floating Offshore Wind Farms,3,power,rank III default,60.0,30.0,100.0,67.2,0,0.0,0.0,3.0,60.04,,,500,100,50,4.16,503,102,50,4.189,60.011,60.04,60.011,,60.011,60.011,0,road_1_turn,22.4,0.0,37.611,ok,
r_224,Hydroelectric Power,hydro_power_plant,hydro,1,power,rank I default,15.0,5.0,30.0,22.2,0,0.0,0.0,3.0,15.04,,,500,100,50,4.16,502,101,50,4.176,15.024,15.04,15.024,,15.024,15.024,0,road_1_turn,7.4,0.0,7.624,ok,input_band;full_band
r_225,Battery Storage,battery,,0,,start-unlocked after freight and warehouse reserve,7.5,5.0,10.0,0.0,0,0.0,0.0,3.0,-7.16,,,500,100,50,4.16,500,100,50,4.16,-7.16,-7.16,-7.16,,-7.16,-7.16,0,,0.0,0.0,-7.16,quantity_or_price,standalone_band;input_band;full_band
r_226,Magnetic Separation Electrolysis,electrolyser,Molten Salt Alloy Electrolysis,2,refined_ree,rank II default,30.0,20.0,60.0,81.606,21.815,240.0,24.0,1.0,27.86,,,500,100,50,4.16,510,119,63,4.79,30.001,30.631,38.31,ree_ore: r_017 Rare Earth Mining; pure_water: r_105 Water Treatment,38.349,48.979,0,pipe_1_turn+rail_1_turn,0.375,0.29,29.336,ok,full_band
r_227,Rudimentary Lithium Refinement,furnace,,0,lithium_carbonate,start-unlocked after freight and warehouse reserve,7.5,5.0,10.0,59.877,34.77,100.0,10.0,1.0,8.318,,,500,100,50,4.16,774,198,69,6.586,7.522,9.947,17.193,lithium_ore: r_016 Lithium Mining; industrial_acids: r_114 Hydrochloric Acid Production,19.417,25.38,0,pipe_1_turn+rail_1_turn,0.345,0.47,6.707,ok,input_band;full_band
r_228,Bio Ethylene,chem_plant,Biomass Cracking,3,ethylene,rank III default,60.0,30.0,100.0,107.576,9.545,100.0,10.0,4.0,64.745,,,500,100,50,4.16,1190,790,394,24.0,60.032,79.872,65.946,biomass: r_214 Sustainable Forestry - Biomass,65.946,70.019,0,pipe_1_turn+rail_1_turn,0.94,2.9,56.192,ok,
