recipe_id,display_name,building_id,building_display,buildable,category,required_research,catalysts,maintenance_cost,labour_unskilled,labour_skilled,labour_h_skilled,labour_source,energy_req,input_1,qty_1,input_1_price,input_2,qty_2,input_2_price,input_3,qty_3,input_3_price,input_4,qty_4,input_4_price,input_5,qty_5,input_5_price,input_6,qty_6,input_6_price,output_1,output_qty_1,output_1_price,output_2,output_qty_2,output_2_price,output_3,output_qty_3,output_3_price,output_4,output_qty_4,output_4_price,output_5,output_qty_5,output_5_price,revenue,input_bill,energy_cost,maintenance,labour_cost,net_standalone,rate_unskilled,rate_skilled,rate_h_skilled,grid_buy_price
r_001,Coal Mining,mine,Mine,TRUE,Mineral Mining,,,4,1806,273,50,recipe,30,,,,,,,,,,,,,,,,,,,coal,60,0.44,,,,,,,,,,,,,26.4000,0.0000,3.6000,4.0000,9.5000,9.3000,0.00304,0.00912,0.0304,0.12
r_002,Iron Mining,mine,Mine,TRUE,Mineral Mining,,,4,1806,273,50,recipe,30,,,,,,,,,,,,,,,,,,,iron_ore,40,0.6457,,,,,,,,,,,,,25.8280,0.0000,3.6000,4.0000,9.5000,8.7280,0.00304,0.00912,0.0304,0.12
r_003,Steelmaking,furnace,Furnace,TRUE,Steel Production,,,2,1144,429,50,recipe,140,iron_ingots,40,1.0868,coal,20,0.44,,,,,,,,,,,,,steel,48,2.0185,,,,,,,,,,,,,96.8880,52.2720,16.8000,2.0000,8.9102,16.9058,0.00304,0.00912,0.0304,0.12
r_004,Coal Power Production,power_plant,Power plant,TRUE,Power,,,4,500,208,109,recipe,0,coal,20,0.44,pure_water,20,0.4884,,,,,,,,,,,,,power,600,0.11,,,,,,,,,,,,,66.0000,18.5680,0.0000,4.0000,6.7306,36.7014,0.00304,0.00912,0.0304,0.12
r_005,Pig Iron Smelting,furnace,Furnace,TRUE,Iron Smelting,,,2,1144,429,50,recipe,140,iron_ore,40,0.6457,coal,20,0.44,,,,,,,,,,,,,iron_ingots,70,1.0868,,,,,,,,,,,,,76.0760,34.6280,16.8000,2.0000,8.9102,13.7378,0.00304,0.00912,0.0304,0.12
r_006,Copper Mining,mine,Mine,TRUE,Mineral Mining,,,4,1806,273,50,recipe,30,,,,,,,,,,,,,,,,,,,copper_ore,36,0.715,,,,,,,,,,,,,25.7400,0.0000,3.6000,4.0000,9.5000,8.6400,0.00304,0.00912,0.0304,0.12
r_007,Copper Blistering,furnace,Furnace,TRUE,Copper Smelting,,,2,964,362,50,recipe,140,copper_ore,36,0.715,,,,,,,,,,,,,,,,copper_ingots,24,2.6004,,,,,,,,,,,,,62.4096,25.7400,16.8000,2.0000,7.7520,10.1176,0.00304,0.00912,0.0304,0.12
r_008,Copper Wire Drawing,industrial_factory,Industrial Goods Factory,TRUE,Copper Products,,,14,4895,1836,186,recipe,80,copper_ingots,24,2.6004,,,,,,,,,,,,,,,,copper_wiring,32,4.213,,,,,,,,,,,,,134.8160,62.4096,9.6000,14.0000,37.2795,11.5269,0.00304,0.00912,0.0304,0.12
r_009,Motor Manufacture,industrial_factory,Industrial Goods Factory,TRUE,Industrial Equipment,,,14,7114,2668,270,recipe,30,steel,30,2.0185,copper_wiring,32,4.213,,,,,,,,,,,,,motor,28,10.3356,,,,,,,,,,,,,289.3968,195.3710,3.6000,14.0000,54.1667,22.2591,0.00304,0.00912,0.0304,0.12
r_010,Salt Mining,mine,Mine,TRUE,Mineral Mining,,,4,1806,273,50,recipe,30,,,,,,,,,,,,,,,,,,,basic_salt,25,0.55,chem_salts,10,1.1,,,,,,,,,,24.7500,0.0000,3.6000,4.0000,9.5000,7.6500,0.00304,0.00912,0.0304,0.12
r_011,Water Pumping,water_pump,Water Pump,TRUE,Water,,,2,1197,182,50,recipe,20,,,,,,,,,,,,,,,,,,,pure_water,48,0.4884,,,,,,,,,,,,,23.4432,0.0000,2.4000,2.0000,6.8187,12.2245,0.00304,0.00912,0.0304,0.12
r_012,Chlor-Alkali Process,chem_plant,Chemical Plant,TRUE,Electrochemistry,,,8,4472,1677,169,recipe,200,basic_salt,44,0.55,pure_water,44,0.4884,,,,,,,,,,,,,chlorine,22,0.792,sodium_hydroxide,44,0.88,hydrogen,22,3.63,,,,,,,136.0040,45.6896,24.0000,8.0000,34.0267,24.2877,0.00304,0.00912,0.0304,0.12
r_014,Oil Drilling,oil_well,Oil Wells,TRUE,Oil Extraction,,,2,1498,231,50,recipe,30,,,,,,,,,,,,,,,,,,,crude_oil,20,1.1726,,,,,,,,,,,,,23.4520,0.0000,3.6000,2.0000,8.1806,9.6714,0.00304,0.00912,0.0304,0.12
r_015,Bauxite Mining,mine,Mine,TRUE,Mineral Mining,,,4,1806,273,50,recipe,30,,,,,,,,,,,,,,,,,,,bauxite_ore,20,1.265,,,,,,,,,,,,,25.3000,0.0000,3.6000,4.0000,9.5000,8.2000,0.00304,0.00912,0.0304,0.12
r_016,Lithium Mining,mine,Mine,TRUE,Mineral Mining,,,4,1806,273,50,recipe,30,,,,,,,,,,,,,,,,,,,lithium_ore,8,3.1218,,,,,,,,,,,,,24.9744,0.0000,3.6000,4.0000,9.5000,7.8744,0.00304,0.00912,0.0304,0.12
r_017,Rare Earth Mining,mine,Mine,TRUE,Mineral Mining,,,4,1806,273,50,recipe,30,,,,,,,,,,,,,,,,,,,ree_ore,12,2.09,,,,,,,,,,,,,25.0800,0.0000,3.6000,4.0000,9.5000,7.9800,0.00304,0.00912,0.0304,0.12
r_018,Sand Excavation,mine,Mine,TRUE,Mineral Mining,,,4,1806,273,50,recipe,30,,,,,,,,,,,,,,,,,,,sand,45,0.5775,,,,,,,,,,,,,25.9875,0.0000,3.6000,4.0000,9.5000,8.8875,0.00304,0.00912,0.0304,0.12
r_019,Limestone Mining,mine,Mine,TRUE,Mineral Mining,,,4,1806,273,50,recipe,30,,,,,,,,,,,,,,,,,,,limestone,25,1.0175,,,,,,,,,,,,,25.4375,0.0000,3.6000,4.0000,9.5000,8.3375,0.00304,0.00912,0.0304,0.12
r_020,Flash Copper Smelting,furnace,Furnace,TRUE,Copper Smelting,Electric Arc Refining,,2,937,352,50,recipe,140,copper_ore,30,0.715,industrial_acids,2,3.817,oxygen,2,0.275,,,,,,,,,,copper_ingots,36,2.6004,,,,,,,,,,,,,93.6144,29.6340,16.8000,2.0000,7.5787,37.6017,0.00304,0.00912,0.0304,0.12
r_021,Heavy Fuels Refining,petro_refinery,Petrochemical Refinery,FALSE,Refining,,,2,756,287,50,recipe,70,heavy_oil,4,0,,,,,,,,,,,,,,,,fuels,3,2.6037,,,,,,,,,,,,,7.8111,0.0000,8.4000,,6.4357,,0.00304,0.00912,0.0304,0.12
r_022,Fuels Refining,petro_refinery,Petrochemical Refinery,TRUE,Refining,,,2,756,287,50,recipe,70,processed_oil,10,2.9205,,,,,,,,,,,,,,,,fuels,22,2.6037,,,,,,,,,,,,,57.2814,29.2050,8.4000,2.0000,6.4357,11.2407,0.00304,0.00912,0.0304,0.12
r_023,Ethylene Refining,petro_refinery,Petrochemical Refinery,TRUE,Refining,,,2,756,287,50,recipe,70,processed_oil,10,2.9205,,,,,,,,,,,,,,,,ethylene,13,4.2262,,,,,,,,,,,,,54.9406,29.2050,8.4000,2.0000,6.4357,8.8999,0.00304,0.00912,0.0304,0.12
r_024,Plastics Manufacturing,poly_plant,Polymerisation Refinery,TRUE,Chemistry,,,2,553,329,66,recipe,70,ethylene,10,4.2262,,,,,,,,,,,,,,,,plastics,12,5.676,,,,,,,,,,,,,68.1120,42.2620,8.4000,2.0000,6.6880,8.7620,0.00304,0.00912,0.0304,0.12
r_025,Basic Oxygen Steelmaking,furnace,Furnace,TRUE,Steel Production,Oxygen-Enriched Blast,,2,804,302,50,recipe,140,iron_ingots,16,1.0868,oxygen,3,0.275,limestone,6,1.0175,,,,,,,,,,steel,40,2.0185,,,,,,,,,,,,,80.7400,24.3188,16.8000,2.0000,6.7184,30.9028,0.00304,0.00912,0.0304,0.12
r_026,Copper Pipe Hot Rolling,furnace,Furnace,TRUE,Copper Products,,,2,616,231,50,recipe,70,copper_ingots,13,2.6004,,,,,,,,,,,,,,,,copper_pipe,18,3.3198,,,,,,,,,,,,,59.7564,33.8052,8.4000,2.0000,5.4994,10.0518,0.00304,0.00912,0.0304,0.12
r_028,Synthetic Rubber Production,poly_plant,Polymerisation Refinery,TRUE,Chemistry,,,2,553,329,66,recipe,70,ethylene,10,4.2262,oxygen,4,0.275,,,,,,,,,,,,,rubber,17,4.2768,,,,,,,,,,,,,72.7056,43.3620,8.4000,2.0000,6.6880,12.2556,0.00304,0.00912,0.0304,0.12
r_029,Concrete Firing,furnace,Furnace,TRUE,Building Materials,,,2,1078,405,50,recipe,140,limestone,20,1.0175,pure_water,10,0.4884,silica,10,2.9183,coal,5,0.44,,,,,,,concrete,22,4.3153,,,,,,,,,,,,,94.9366,56.6170,16.8000,2.0000,8.4907,11.0289,0.00304,0.00912,0.0304,0.12
r_030,Electric Concrete Production,eaf,Electric Arc Furnace,TRUE,Building Materials,,,4,2158,819,81,recipe,140,limestone,25,1.0175,pure_water,13,0.4884,silica,13,2.9183,,,,,,,,,,concrete,28,4.3153,,,,,,,,,,,,,120.8284,69.7246,16.8000,4.0000,16.4920,13.8118,0.00304,0.00912,0.0304,0.12
r_031,Direct Reduced Iron Smelting,furnace,Furnace,TRUE,Iron Smelting,Basic Blast Furnaces,,2,951,357,50,recipe,140,iron_ore,30,0.6457,hydrogen,5,3.63,,,,,,,,,,,,,iron_ingots,80,1.0868,,,,,,,,,,,,,86.9440,37.5210,16.8000,2.0000,7.6669,22.9561,0.00304,0.00912,0.0304,0.12
r_032,Lithium Ion Battery Manufacturing,factory,Industrial Goods Factory,TRUE,Batteries,Lithium Battery Storage,,14,4239,1590,161,recipe,20,lithium_carbonate,9,7.3183,electrical_components,3,12.4146,graphite,3,9.9781,alloy_ingots,3,1.8502,,,,,,,lithium_battery,6,27.5,,,,,,,,,,,,,165.0000,138.5934,2.4000,14.0000,32.2818,-22.2752,0.00304,0.00912,0.0304,0.12
r_033,Construction Equiment Assembly (ICE),factory,Industrial Goods Factory,TRUE,Industrial Equipment,,,14,7114,2668,270,recipe,20,steel,12,2.0185,rubber,9,4.2768,plastics,9,5.676,fuels,12,2.6037,motor,20,10.3356,,,,construction_equipment_ice,12,38.5374,,,,,,,,,,,,,462.4488,351.7536,2.4000,14.0000,54.1667,40.1285,0.00304,0.00912,0.0304,0.12
r_034,Construction Equipment Assembly (EV),factory,Industrial Goods Factory,TRUE,Industrial Equipment,Electric Plant & Machinery,,14,6319,2370,240,recipe,20,steel,10,2.0185,rubber,8,4.2768,plastics,8,5.676,lithium_battery,4,27.5,motor,10,10.3356,,,,construction_equipment_ev,12,36.6201,,,,,,,,,,,,,439.4412,313.1634,2.4000,14.0000,48.1202,61.7576,0.00304,0.00912,0.0304,0.12
r_035,Silica Washing,petro_refinery,Petrochemical Refinery,TRUE,Refining,,,2,882,335,50,recipe,70,sand,10,0.5775,pure_water,10,0.4884,,,,,,,,,,,,,silica,13,2.9183,,,,,,,,,,,,,37.9379,10.6590,8.4000,2.0000,7.2565,9.6224,0.00304,0.00912,0.0304,0.12
r_037,Onshore wind generation,onshore_wind_farm,Onshore Wind Farm,TRUE,Power,,,4,500,100,50,recipe,0,,,,,,,,,,,,,,,,,,,power,228,0.11,,,,,,,,,,,,,25.0800,0.0000,0.0000,4.0000,3.9520,17.1280,0.00304,0.00912,0.0304,0.12
r_038,Gas Combined Cycle Turbines,power_plant,Power plant,TRUE,Power,Combined Cycle Turbines,,4,500,126,66,recipe,0,processed_oil,4,2.9205,,,,,,,,,,,,,,,,power,430,0.11,,,,,,,,,,,,,47.3000,11.6820,0.0000,4.0000,4.6755,26.9425,0.00304,0.00912,0.0304,0.12
r_039,Lithium Electrolysis,electrolyser,Electrolyser,TRUE,Electrochemistry,Solid-Oxide Electrolysis,,2,654,1176,1895,recipe,160,lithium_ore,11,3.1218,,,,,,,,,,,,,,,,lithium_carbonate,9,7.3183,,,,,,,,,,,,,65.8647,34.3398,19.2000,2.0000,70.3213,-59.9964,0.00304,0.00912,0.0304,0.12
r_040,Bayer Process,furnace,Furnace,TRUE,Aluminium Smelting,,,2,851,319,50,recipe,140,bauxite_ore,20,1.265,sodium_hydroxide,8,0.88,,,,,,,,,,,,,alumina,30,2.1692,,,,,,,,,,,,,65.0760,32.3400,16.8000,2.0000,7.0163,6.9197,0.00304,0.00912,0.0304,0.12
r_041,Rare Earth Reduction,electrolyser,Electrolyser,TRUE,Electrochemistry,,,2,915,343,50,recipe,240,ree_ore,10,2.09,sodium_hydroxide,5,0.88,chlorine,5,0.792,,,,,,,,,,refined_ree,6,12.8238,,,,,,,,,,,,,76.9428,29.2600,28.8000,2.0000,7.4298,9.4530,0.00304,0.00912,0.0304,0.12
r_042,Bio-Graphitisation,furnace,Furnace,TRUE,Carbon,Biomass Cracking,,2,682,256,50,recipe,240,carbonised_biomass,16,3.2571,ammonia,2,3.8863,,,,,,,,,,,,,graphite,22,9.9781,,,,,,,,,,,,,219.5182,59.8862,28.8000,2.0000,5.9280,122.9040,0.00304,0.00912,0.0304,0.12
r_043,Biomass Compression,bio_chem_plant,,FALSE,Carbon,,,,500,100,50,recipe,20,biomass,2,0.9999,,,,,,,,,,,,,,,,compressed_biomass,1,0,,,,,,,,,,,,,0.0000,1.9998,2.4000,,3.9520,,0.00304,0.00912,0.0304,0.12
r_044,Silicon Smelting,eaf,Electric Arc Furnace,TRUE,Silicon Smelting,,,4,1162,441,50,recipe,140,silica,10,2.9183,coal,20,0.44,,,,,,,,,,,,,metallurgical_silicon,20,3.8808,,,,,,,,,,,,,77.6160,37.9830,16.8000,4.0000,9.0744,9.7586,0.00304,0.00912,0.0304,0.12
r_045,Polysilicon (Siemens) Smelting,chem_plant,Chemical Plant,TRUE,Chemistry,,,8,2408,903,91,recipe,240,metallurgical_silicon,5,3.8808,,,,,,,,,,,,,,,,polysilicon,3,26.9533,,,,,,,,,,,,,80.8599,19.4040,28.8000,8.0000,18.3221,6.3338,0.00304,0.00912,0.0304,0.12
r_046,Haber Bosch Process,chem_plant,Chemical Plant,TRUE,Chemistry,,,8,2809,1054,107,recipe,140,nitrogen,8,1.2936,hydrogen,12,3.63,,,,,,,,,,,,,ammonia,30,3.8863,,,,,,,,,,,,,116.5890,53.9088,16.8000,8.0000,21.4046,16.4756,0.00304,0.00912,0.0304,0.12
r_047,Fertilisers Production,chem_plant,Chemical Plant,TRUE,Chemistry,,,8,2809,1054,107,recipe,70,ammonia,8,3.8863,chem_salts,8,1.1,biomass,4,0.9999,,,,,,,,,,fertilisers,24,13.3804,,,,,,,,,,,,,321.1296,43.8900,8.4000,8.0000,21.4046,239.4350,0.00304,0.00912,0.0304,0.12
r_048,Direct Lithium Extraction,brine_processing_plant,,FALSE,Mineral Mining,,,,500,100,50,recipe,30,chem_salts,3,1.1,pure_water,10,0.4884,,,,,,,,,,,,,lithium_carbonate,1,7.3183,chlorine,1,0.792,,,,,,,,,,8.1103,8.1840,3.6000,,3.9520,,0.00304,0.00912,0.0304,0.12
r_049,Brine Evaporation,brine_processing_plant,,FALSE,Mineral Mining,,,,500,100,50,recipe,30,,,,,,,,,,,,,,,,,,,sulphur,1,1.0582,chem_salts,5,1.1,basic_salt,3,0.55,,,,,,,8.2082,0.0000,3.6000,,3.9520,,0.00304,0.00912,0.0304,0.12
r_050,Aluminium (Hall Heroult) Smelting,furnace,Furnace,TRUE,Aluminium Smelting,,,2,851,319,50,recipe,240,alumina,20,2.1692,graphite,3,9.9781,chem_salts,5,1.1,,,,,,,,,,aluminium,20,6.2601,,,,,,,,,,,,,125.2020,78.8183,28.8000,2.0000,7.0163,8.5674,0.00304,0.00912,0.0304,0.12
r_051,Desalination,desal_plant,Desalination Plant,TRUE,Water,,,2,1631,252,50,recipe,70,,,,,,,,,,,,,,,,,,,pure_water,40,0.4884,basic_salt,10,0.55,chem_salts,5,1.1,,,,,,,30.5360,0.0000,8.4000,2.0000,8.7765,11.3595,0.00304,0.00912,0.0304,0.12
r_053,Industrial Glassmaking,furnace,Furnace,TRUE,Glassmaking,,,2,1114,418,50,recipe,140,sand,30,0.5775,sodium_hydroxide,9,0.88,limestone,9,1.0175,,,,,,,,,,glass,32,2.3133,,,,,,,,,,,,,74.0256,34.4025,16.8000,2.0000,8.7187,12.1044,0.00304,0.00912,0.0304,0.12
r_054,High Strength Glassmaking,furnace,Furnace,TRUE,Glassmaking,High Strength Glassmaking,,2,616,231,50,recipe,140,silica,6,2.9183,alumina,4,2.1692,sulphur,4,1.0582,,,,,,,,,,glass,31,2.3133,,,,,,,,,,,,,71.7123,30.4194,16.8000,2.0000,5.4994,16.9935,0.00304,0.00912,0.0304,0.12
r_055,uPVC Window Manufacturing,industrial_factory,Industrial Goods Factory,TRUE,Building Materials,,,14,6552,2457,248,recipe,20,glass,32,2.3133,pvc,11,6.2458,,,,,,,,,,,,,windows,18,12.6225,,,,,,,,,,,,,227.2050,142.7294,2.4000,14.0000,49.8651,18.2105,0.00304,0.00912,0.0304,0.12
r_056,Window Manufacturing,industrial_factory,Industrial Goods Factory,TRUE,Building Materials,,,14,6159,2310,293,recipe,40,glass,28,2.3133,aluminium,10,6.2601,,,,,,,,,,,,,windows,17,12.6225,,,,,,,,,,,,,214.5825,127.3734,4.8000,14.0000,48.6978,19.7113,0.00304,0.00912,0.0304,0.12
r_057,Building Frame Manufacture,assembly_plant,Assembly Plant,TRUE,Building Materials,,,26,5208,4631,1559,recipe,20,steel,18,2.0185,windows,12,12.6225,copper_pipe,6,3.3198,electrical_components,4,12.4146,,,,,,,building_frame,26,16.1293,,,,,,,,,,,,,419.3618,257.3802,2.4000,26.0000,105.4606,28.1210,0.00304,0.00912,0.0304,0.12
r_058,Solar Panel Manufacturing,assembly_plant,Assembly Plant,TRUE,Solar Panels,,,26,4435,3943,1328,recipe,20,metallurgical_silicon,20,3.8808,electrical_components,3,12.4146,alloy_ingots,4,1.8502,aluminium,2,6.2601,,,,,,,solar_panel,8,33.9273,,,,,,,,,,,,,271.4184,134.7808,2.4000,26.0000,89.8138,18.4238,0.00304,0.00912,0.0304,0.12
r_059,Wind Turbine Manufacturing,assembly_plant,Assembly Plant,TRUE,Wind Turbines,,,26,3157,2807,945,recipe,20,fibreglass,4,12.8909,refined_ree,2,12.8238,motor,2,10.3356,electrical_components,2,12.4146,,,,,,,wind_turbine,3,76.0001,,,,,,,,,,,,,228.0003,122.7116,2.4000,26.0000,63.9251,12.9636,0.00304,0.00912,0.0304,0.12
r_060,Durable Perovskite Solar Panels,assembly_plant,Assembly Plant,TRUE,Solar Panels,Atomic Layer Deposition,,26,3157,2807,945,recipe,20,polysilicon,6,26.9533,electrical_components,1,12.4146,alloy_ingots,2,1.8502,aluminium,1,6.2601,plastics,3,5.676,,,,solar_panel,12,33.9273,,,,,,,,,,,,,407.1276,201.1229,2.4000,26.0000,63.9251,113.6796,0.00304,0.00912,0.0304,0.12
r_061,Segmented Assembly Wind Turbines,assembly_plant,Assembly Plant,TRUE,Wind Turbines,Segmented Blade Assembly,,26,3157,2807,945,recipe,20,fibreglass,2,12.8909,refined_ree,2,12.8238,motor,2,10.3356,electrical_components,2,12.4146,,,,,,,wind_turbine,3,76.0001,,,,,,,,,,,,,228.0003,96.9298,2.4000,26.0000,63.9251,38.7454,0.00304,0.00912,0.0304,0.12
r_062,Carbon Fibre Wind Turbines,high_tech_manufactory,High Tech Manufactory,FALSE,Wind Turbines,,,18,2275,2023,679,recipe,20,fibreglass,2,12.8909,carbon_fibre,2,0,refined_ree,2,12.8238,,,,,,,,,,wind_turbine,5,76.0001,,,,,,,,,,,,,380.0005,51.4294,2.4000,,46.0074,,0.00304,0.00912,0.0304,0.12
r_063,Heterojunction Solar Panels,high_tech_manufactory,High Tech Manufactory,TRUE,Solar Panels,Heterojunction Cell Lines,,18,2299,2044,686,recipe,20,polysilicon,8,26.9533,electrical_components,1,12.4146,alloy_ingots,2,1.8502,aluminium,1,6.2601,plastics,3,5.676,,,,solar_panel,12,33.9273,,,,,,,,,,,,,407.1276,255.0295,2.4000,18.0000,46.4846,85.2135,0.00304,0.00912,0.0304,0.12
r_064,Triple Tandem Solar Panels,high_tech_manufactory,High Tech Manufactory,TRUE,Solar Panels,Tandem Cell Stacking,,18,2447,2176,731,recipe,20,polysilicon,10,26.9533,electrical_components,2,12.4146,alloy_ingots,2,1.8502,aluminium,1,6.2601,refined_ree,2,12.8238,,,,solar_panel,15,33.9273,,,,,,,,,,,,,508.9095,329.9703,2.4000,18.0000,49.5064,109.0328,0.00304,0.00912,0.0304,0.12
r_065,SynRM Magnetless Motors,assembly_plant,Assembly Plant,TRUE,Industrial Equipment,Synchronous Reluctance Drives,,26,4118,3661,1233,recipe,20,steel,6,2.0185,copper_wiring,16,4.213,plastics,3,5.676,,,,,,,,,,motor,27,10.3356,,,,,,,,,,,,,279.0612,96.5470,2.4000,26.0000,83.3902,70.7240,0.00304,0.00912,0.0304,0.12
r_066,Axial Flux Motors,assembly_plant,Assembly Plant,TRUE,Industrial Equipment,Axial Flux Motor Lines,,26,2073,3639,2802,recipe,20,steel,6,2.0185,copper_wiring,12,4.213,refined_ree,3,12.8238,alloy_ingots,3,1.8502,,,,,,,motor,28,10.3356,,,,,,,,,,,,,289.3968,106.6890,2.4000,26.0000,124.6704,29.6374,0.00304,0.00912,0.0304,0.12
r_067,Rubber Vulcanisation,chem_plant,Chemical Plant,TRUE,Vehicle Components,,,8,3383,1269,128,recipe,20,rubber,17,4.2768,sulphur,12,1.0582,,,,,,,,,,,,,tyres,25,6.0115,,,,,,,,,,,,,150.2875,85.4040,2.4000,8.0000,25.7488,28.7347,0.00304,0.00912,0.0304,0.12
r_068,Car Body Manufacturing,factory,Industrial Goods Factory,TRUE,Vehicle Components,,,14,5472,2052,207,recipe,20,steel,20,2.0185,aluminium,7,6.2601,plastics,3,5.676,,,,,,,,,,car_body,14,12.4344,,,,,,,,,,,,,174.0816,101.2187,2.4000,14.0000,41.6419,14.8210,0.00304,0.00912,0.0304,0.12
r_069,Lightweight Car Bodies,assembly_plant,Assembly Plant,TRUE,Vehicle Components,Composite Panel Pressing,,26,3774,3356,1130,recipe,20,steel,12,2.0185,aluminium,6,6.2601,fibreglass,3,12.8909,,,,,,,,,,car_body,20,12.4344,,,,,,,,,,,,,248.6880,100.4553,2.4000,26.0000,76.4317,43.4010,0.00304,0.00912,0.0304,0.12
r_070,Superlightweight Car Bodies,assembly_plant,Assembly Plant,FALSE,Vehicle Components,,,26,3157,2807,945,recipe,20,aluminium,4,6.2601,carbon_fibre,1,0,,,,,,,,,,,,,car_body,4,12.4344,,,,,,,,,,,,,49.7376,25.0404,2.4000,,63.9251,,0.00304,0.00912,0.0304,0.12
r_071,ICE Engine Manufacturing,factory,Industrial Goods Factory,TRUE,Vehicle Components,,,14,7114,2668,270,recipe,20,steel,18,2.0185,copper_wiring,15,4.213,aluminium,9,6.2601,processed_oil,6,2.9205,alkaline_battery,6,6.0423,,,,engine,6,50.4823,,,,,,,,,,,,,302.8938,209.6457,2.4000,14.0000,54.1667,22.6814,0.00304,0.00912,0.0304,0.12
r_072,V8 Engine Manufacturing,factory,Industrial Goods Factory,TRUE,Vehicle Components,Precision Assembly Lines,,14,2968,3273,1460,recipe,20,steel,12,2.0185,aluminium,8,6.2601,processed_oil,8,2.9205,electrical_components,4,12.4146,alkaline_battery,4,6.0423,,,,engine,6,50.4823,,,,,,,,,,,,,302.8938,171.4944,2.4000,14.0000,83.2565,31.7429,0.00304,0.00912,0.0304,0.12
r_073,Large Vehicle Engine Manufacturing,assembly_plant,Assembly Plant,TRUE,Vehicle Components,Heavy Engine Casting,,26,5863,5213,1755,recipe,20,steel,32,2.0185,aluminium,16,6.2601,processed_oil,12,2.9205,electrical_components,6,12.4146,alkaline_battery,8,6.0423,,,,large_engine,11,46.5641,,,,,,,,,,,,,512.2051,322.6256,2.4000,26.0000,118.7181,42.4614,0.00304,0.00912,0.0304,0.12
r_074,Hybrid Engine Manufacturing,assembly_plant,Assembly Plant,TRUE,Vehicle Components,Hybrid Powertrain Integration,,26,3863,3434,1157,recipe,20,aluminium,8,6.2601,circuit_board,2,16.2679,processed_oil,4,2.9205,lithium_battery,2,27.5,motor,6,10.3356,,,,engine,7,50.4823,,,,,,,,,,,,,353.3761,211.3122,2.4000,26.0000,78.2344,35.4295,0.00304,0.00912,0.0304,0.12
r_076,Electric Arc Steelmaking,eaf,Electric Arc Furnace,TRUE,Steel Production,Electric Arc Refining,,4,1356,515,51,recipe,140,iron_ingots,16,1.0868,hydrogen,4,3.63,,,,,,,,,,,,,steel,50,2.0185,,,,,,,,,,,,,100.9250,31.9088,16.8000,4.0000,10.3694,37.8468,0.00304,0.00912,0.0304,0.12
r_077,HIsarna Steel Making,furnace,Furnace,TRUE,Steel Production,Alloy Heat Treatment,,2,820,308,50,recipe,140,iron_ingots,18,1.0868,oxygen,4,0.275,coal,4,0.44,,,,,,,,,,steel,50,2.0185,,,,,,,,,,,,,100.9250,22.4224,16.8000,2.0000,6.8218,52.8808,0.00304,0.00912,0.0304,0.12
r_078,Methane Pyrolysis,electrolyser,Electrolyser,TRUE,Electrochemistry,Methane Pyrolysis,,2,818,307,50,recipe,140,processed_oil,16,2.9205,,,,,,,,,,,,,,,,hydrogen,16,3.63,graphite,8,9.9781,,,,,,,,,,137.9048,46.7280,16.8000,2.0000,6.8066,65.5702,0.00304,0.00912,0.0304,0.12
r_079,Water Electrolysis,electrolyser,Electrolyser,TRUE,Electrochemistry,,,2,784,294,50,recipe,240,pure_water,14,0.4884,,,,,,,,,,,,,,,,hydrogen,14,3.63,oxygen,7,0.275,,,,,,,,,,52.7450,6.8376,28.8000,2.0000,6.5846,8.5228,0.00304,0.00912,0.0304,0.12
r_080,Membraneless Electrolysis,electrolyser,Electrolyser,TRUE,Electrochemistry,Membraneless Electrolysis,,2,784,294,50,recipe,240,pure_water,14,0.4884,,,,,,,,,,,,,,,,hydrogen,22,3.63,oxygen,11,0.275,,,,,,,,,,82.8850,6.8376,28.8000,2.0000,6.5846,38.6628,0.00304,0.00912,0.0304,0.12
r_081,Fluidised Bed Reactor + CZ Silicon,chem_plant,Chemical Plant,TRUE,Chemistry,Czochralski Crystal Growth,,8,2408,903,91,recipe,240,metallurgical_silicon,4,3.8808,industrial_acids,2,3.817,hydrogen,2,3.63,alloy_ingots,1,1.8502,,,,,,,polysilicon,6,26.9533,,,,,,,,,,,,,161.7198,32.2674,28.8000,8.0000,18.3221,74.3303,0.00304,0.00912,0.0304,0.12
r_082,Electric Calcination Alumina,chem_plant,Chemical Plant,TRUE,Aluminium Smelting,,,8,3440,1290,130,recipe,200,bauxite_ore,20,1.265,hydrogen,4,3.63,sodium_hydroxide,6,0.88,,,,,,,,,,alumina,54,2.1692,,,,,,,,,,,,,117.1368,45.1000,24.0000,8.0000,26.1744,13.8624,0.00304,0.00912,0.0304,0.12
r_083,ELYSIS Aluminium,eaf,Electric Arc Furnace,TRUE,Aluminium Smelting,Electric Arc Refining,,4,1389,528,52,recipe,200,alumina,15,2.1692,chem_salts,6,1.1,,,,,,,,,,,,,aluminium,15,6.2601,alloy_ingots,1,1.8502,,,,,,,,,,95.7517,39.1380,24.0000,4.0000,10.6187,17.9950,0.00304,0.00912,0.0304,0.12
r_084,Aluminium Direct Carbothermic Electrolysis,eaf,Electric Arc Furnace,TRUE,Aluminium Smelting,Ultra-High-Power Arcs,,4,1322,502,50,recipe,200,alumina,15,2.1692,graphite,4,9.9781,,,,,,,,,,,,,aluminium,23,6.2601,,,,,,,,,,,,,143.9823,72.4504,24.0000,4.0000,10.1171,33.4148,0.00304,0.00912,0.0304,0.12
r_085,Oxygen Free High Conductivity Copper,eaf,Electric Arc Furnace,FALSE,Copper Smelting,,,4,1162,441,50,recipe,140,copper_ore,2,0.715,noble_gases,1,0,,,,,,,,,,,,,copper_ingots,4,2.6004,,,,,,,,,,,,,10.4016,1.4300,16.8000,,9.0744,,0.00304,0.00912,0.0304,0.12
r_086,Oxygen Air Separation,chem_plant,Chemical Plant,FALSE,Chemistry,,,8,2408,903,91,recipe,140,,,,,,,,,,,,,,,,,,,oxygen,2,0.275,noble_gases,4,0,,,,,,,,,,0.5500,0.0000,16.8000,,18.3221,,0.00304,0.00912,0.0304,0.12
r_087,Nitrogen Air Separation,chem_plant,Chemical Plant,TRUE,Chemistry,Process Intensification,,8,2408,903,91,recipe,140,,,,,,,,,,,,,,,,,,,nitrogen,50,1.2936,,,,,,,,,,,,,64.6800,0.0000,16.8000,8.0000,18.3221,21.5579,0.00304,0.00912,0.0304,0.12
r_088,Steam Methane Reforming,petro_refinery,Petrochemical Refinery,FALSE,Refining,,,2,756,287,50,recipe,70,methane,3,0,pure_water,3,0.4884,,,,,,,,,,,,,hydrogen,3,3.63,,,,,,,,,,,,,10.8900,1.4652,8.4000,,6.4357,,0.00304,0.00912,0.0304,0.12
r_089,Direct Injection Hydrogen Engines,assembly_plant,Assembly Plant,FALSE,Vehicle Components,,,26,3157,2807,945,recipe,20,aluminium,3,6.2601,hq_steel,1,0,cpu,1,77.8921,alloy_ingots,1,1.8502,,,,,,,engine,5,50.4823,,,,,,,,,,,,,252.4115,98.5226,2.4000,,63.9251,,0.00304,0.00912,0.0304,0.12
r_090,Sustainable Food Production,farm,Farm,FALSE,Farming,,,2,966,147,50,recipe,10,fertilisers,1,13.3804,,,,,,,,,,,,,,,,food,4,0,biomass,2,0.9999,waste_water,1,0.11,,,,,,,2.1098,13.3804,1.2000,,5.7973,,0.00304,0.00912,0.0304,0.12
r_091,Strip Farming,farm,Farm,FALSE,Farming,,,2,966,147,50,recipe,10,fertilisers,4,13.3804,pure_water,2,0.4884,,,,,,,,,,,,,food,10,0,biomass,5,0.9999,waste_water,3,0.11,,,,,,,5.3295,54.4984,1.2000,,5.7973,,0.00304,0.00912,0.0304,0.12
r_092,Mixed Crop Sustainable Farming,farm,Farm,FALSE,Farming,,,2,966,147,50,recipe,10,,,,,,,,,,,,,,,,,,,food,4,0,fabric_crops,1,0,oil_crops,1,0,waste_water,1,0.11,,,,0.1100,0.0000,1.2000,,5.7973,,0.00304,0.00912,0.0304,0.12
r_093,Agri Solar Farming,farm,Farm,FALSE,Farming,Agrivoltaic Integration,,2,966,147,50,recipe,10,,,,,,,,,,,,,,,,,,,food,5,0,waste_water,1,0.11,,,,,,,,,,0.1100,0.0000,1.2000,,5.7973,,0.00304,0.00912,0.0304,0.12
r_094,Livestock Farming,farm,Farm,FALSE,Farming,,,2,966,147,50,recipe,10,pure_water,3,0.4884,,,,,,,,,,,,,,,,food,6,0,biomass,2,0.9999,waste_water,2,0.11,,,,,,,2.2198,1.4652,1.2000,,5.7973,,0.00304,0.00912,0.0304,0.12
r_095,Aggressive Logging,forest,New Growth Forest,FALSE,Forestry,,,6,2898,448,50,recipe,10,,,,,,,,,,,,,,,,,,,wood,10,0,biomass,5,0.9999,,,,,,,,,,4.9995,0.0000,1.2000,,14.4157,,0.00304,0.00912,0.0304,0.12
r_096,Sustainable Forestry,forest,New Growth Forest,FALSE,Forestry,,,6,2898,448,50,recipe,10,,,,,,,,,,,,,,,,,,,wood,3,0,biomass,1,0.9999,,,,,,,,,,0.9999,0.0000,1.2000,,14.4157,,0.00304,0.00912,0.0304,0.12
r_097,Gentle Pruning,forest,New Growth Forest,FALSE,Forestry,,,6,2898,448,50,recipe,10,,,,,,,,,,,,,,,,,,,wood,2,0,biomass,1,0.9999,,,,,,,,,,0.9999,0.0000,1.2000,,14.4157,,0.00304,0.00912,0.0304,0.12
r_098,National Park Tourism,forest,New Growth Forest,FALSE,Forestry,,,6,2898,448,50,recipe,10,plastics,1,5.676,,,,,,,,,,,,,,,,wood,1,0,money,20,0,biomass,2,0.9999,municipal_waste,1,0,,,,1.9998,5.6760,1.2000,,14.4157,,0.00304,0.00912,0.0304,0.12
r_099,Lithium Phosphate Batteries,high_tech_manufactory,High Tech Manufactory,TRUE,Batteries,Lithium Iron Phosphate Cells,,18,2275,2023,679,recipe,20,lithium_carbonate,8,7.3183,chem_salts,3,1.1,copper_wiring,3,4.213,graphite,2,9.9781,industrial_acids,2,3.817,,,,lithium_battery,8,27.5,,,,,,,,,,,,,220.0000,102.0756,2.4000,18.0000,46.0074,51.5170,0.00304,0.00912,0.0304,0.12
r_100,Redox Flow Batteries,high_tech_manufactory,High Tech Manufactory,FALSE,Batteries,,,18,2275,2023,679,recipe,20,chem_salts,4,1.1,plastics,4,5.676,alloy_ingots,2,1.8502,industrial_acids,1,3.817,copper_pipe,1,3.3198,,,,flow_battery,8,0,,,,,,,,,,,,,0.0000,37.9412,2.4000,,46.0074,,0.00304,0.00912,0.0304,0.12
r_101,Alkaline Battery Manufacturing,factory,Industrial Goods Factory,TRUE,Batteries,,,14,6627,2486,251,recipe,20,alloy_ingots,20,1.8502,chem_salts,24,1.1,,,,,,,,,,,,,alkaline_battery,24,6.0423,,,,,,,,,,,,,145.0152,63.4040,2.4000,14.0000,50.4488,14.7624,0.00304,0.00912,0.0304,0.12
r_102,Sodium Ion Battery Manufacturing,assembly_plant,Assembly Plant,TRUE,Batteries,Sodium Battery Storage,,26,500,100,50,recipe,2,basic_salt,4,0.55,aluminium,2,6.2601,graphite,1,9.9781,,,,,,,,,,sodium_battery,6,16.5,,,,,,,,,,,,,99.0000,24.6983,0.2400,26.0000,3.9520,44.1097,0.00304,0.00912,0.0304,0.12
r_103,High Quality Steel Alloying,eaf,Electric Arc Furnace,FALSE,Steel Production,,,4,1162,441,50,recipe,70,steel,2,2.0185,alloy_ingots,1,1.8502,,,,,,,,,,,,,hq_steel,2,0,,,,,,,,,,,,,0.0000,5.8872,8.4000,,9.0744,,0.00304,0.00912,0.0304,0.12
r_104,Depolymerisation,poly_plant,Polymerisation Refinery,FALSE,Recycling,,,2,553,329,66,recipe,20,municipal_waste,5,0,,,,,,,,,,,,,,,,ethylene,2,4.2262,,,,,,,,,,,,,8.4524,0.0000,2.4000,,6.6880,,0.00304,0.00912,0.0304,0.12
r_105,Water Treatment,water_treatment_plant,Water Recyling Plant,TRUE,Recycling,Wastewater Bioreactors,,2,1467,224,50,recipe,20,waste_water,24,0.11,,,,,,,,,,,,,,,,pure_water,120,0.4884,,,,,,,,,,,,,58.6080,2.6400,2.4000,2.0000,8.0226,43.5454,0.00304,0.00912,0.0304,0.12
r_106,Scrap Recycling,eaf,Electric Arc Furnace,TRUE,Recycling,,,4,1485,564,56,recipe,70,scrap,24,0.88,,,,,,,,,,,,,,,,steel,27,2.0185,,,,,,,,,,,,,54.4995,21.1200,8.4000,4.0000,11.3605,9.6190,0.00304,0.00912,0.0304,0.12
r_107,E-Waste Recycling,recycling_plant,Recycling Plant,TRUE,Recycling,Advanced Oxidation Loops,,4,1670,630,62,recipe,20,e_waste,30,0.66,,,,,,,,,,,,,,,,copper_wiring,2,4.213,rubber,3,4.2768,aluminium,3,6.2601,alloy_ingots,3,1.8502,,,,45.5873,19.8000,2.4000,4.0000,12.7072,6.6801,0.00304,0.00912,0.0304,0.12
r_108,Biowaste Recycling,recycling_plant,Recycling Plant,TRUE,Recycling,Biowaste Digestion,,4,1670,630,62,recipe,20,bio_waste,30,0.33,,,,,,,,,,,,,,,,biomass,48,0.9999,,,,,,,,,,,,,47.9952,9.9000,2.4000,4.0000,12.7072,18.9880,0.00304,0.00912,0.0304,0.12
r_109,Waste to Power,power_plant,Power plant,FALSE,Power,,,4,500,126,66,recipe,0,compressed_biomass,5,0,,,,,,,,,,,,,,,,hydrocarbon_power,,0,,,,,,,,,,,,,0.0000,0.0000,0.0000,,4.6755,,0.00304,0.00912,0.0304,0.12
r_110,Rare Earth Recycling,recycling_plant,Recycling Plant,FALSE,Recycling,,,4,1169,441,50,recipe,20,battery_waste,5,0,sodium_hydroxide,1,0.88,,,,,,,,,,,,,refined_ree,2,12.8238,,,,,,,,,,,,,25.6476,0.8800,2.4000,,9.0957,,0.00304,0.00912,0.0304,0.12
r_111,Lithium Recycling,recycling_plant,Recycling Plant,FALSE,Recycling,,,4,1169,441,50,recipe,20,battery_waste,5,0,industrial_acids,1,3.817,,,,,,,,,,,,,lithium_carbonate,2,7.3183,,,,,,,,,,,,,14.6366,3.8170,2.4000,,9.0957,,0.00304,0.00912,0.0304,0.12
r_112,Open Combined Gas Cycle Turbine,power_plant,Power plant,FALSE,Power,,,4,500,126,66,recipe,0,methane,4,0,,,,,,,,,,,,,,,,hydrocarbon_power,1200,0,,,,,,,,,,,,,0.0000,0.0000,0.0000,,4.6755,,0.00304,0.00912,0.0304,0.12
r_113,Aluminium Recycling,recycling_plant,Recycling Plant,FALSE,Recycling,,,4,1181,446,50,recipe,20,municipal_waste,10,0,scrap,5,0.88,,,,,,,,,,,,,aluminium,2,6.2601,,,,,,,,,,,,,12.5202,4.4000,2.4000,,9.1778,,0.00304,0.00912,0.0304,0.12
r_114,Hydrochloric Acid Production,chem_plant,Chemical Plant,TRUE,Industrial Acids,,,8,5995,2248,227,recipe,70,chlorine,18,0.792,hydrogen,18,3.63,,,,,,,,,,,,,industrial_acids,24,3.817,,,,,,,,,,,,,91.6080,79.5960,8.4000,8.0000,45.6274,-50.0154,0.00304,0.00912,0.0304,0.12
r_115,Sulphuric Acid Production,chem_plant,Chemical Plant,TRUE,Industrial Acids,,,8,6159,2310,233,recipe,70,sulphur,36,1.0582,pure_water,17,0.4884,,,,,,,,,,,,,industrial_acids,16,3.817,,,,,,,,,,,,,61.0720,46.3980,8.4000,8.0000,46.8738,-48.5998,0.00304,0.00912,0.0304,0.12
r_116,Generic Acid Production,chem_plant,Chemical Plant,TRUE,Industrial Acids,,,8,5995,2248,227,recipe,70,chem_salts,24,1.1,hydrogen,12,3.63,,,,,,,,,,,,,industrial_acids,20,3.817,,,,,,,,,,,,,76.3400,69.9600,8.4000,8.0000,45.6274,-55.6474,0.00304,0.00912,0.0304,0.12
r_117,ICE Car Production,factory,Industrial Goods Factory,TRUE,Car And Large Vehicles,,,14,6994,2623,265,recipe,20,car_body,6,12.4344,engine,6,50.4823,glass,6,2.3133,tyres,25,6.0115,fuels,6,2.6037,,,,ice_car,6,112.534,,,,,,,,,,,,,675.2040,557.2897,2.4000,14.0000,53.2395,48.2748,0.00304,0.00912,0.0304,0.12
r_118,Automated ICE Car Assembly,assembly_plant,Assembly Plant,TRUE,Car And Large Vehicles,Automated Body-in-White Lines,,26,2592,4807,3711,recipe,20,car_body,8,12.4344,engine,8,50.4823,glass,8,2.3133,tyres,30,6.0115,fuels,8,2.6037,,,,ice_car,9,112.534,,,,,,,,,,,,,1012.8060,723.0146,2.4000,26.0000,164.5339,96.8575,0.00304,0.00912,0.0304,0.12
r_119,EV Assembly,assembly_plant,Assembly Plant,TRUE,Car And Large Vehicles,Electric Vehicle Assembly,,26,5524,4912,1654,recipe,20,car_body,5,12.4344,motor,8,10.3356,glass,5,2.3133,tyres,20,6.0115,lithium_battery,6,27.5,cpu,1,77.8921,ev_car,5,154.45,,,,,,,,,,,,,772.2500,519.5454,2.4000,26.0000,111.8720,112.4326,0.00304,0.00912,0.0304,0.12
r_120,Basic Circuit Soldering,factory,Industrial Goods Factory,TRUE,Electronics,,,14,5192,1947,197,recipe,20,copper_wiring,12,4.213,plastics,12,5.676,alloy_ingots,3,1.8502,,,,,,,,,,circuit_board,12,16.2679,,,,,,,,,,,,,195.2148,124.2186,2.4000,14.0000,39.5291,15.0671,0.00304,0.00912,0.0304,0.12
r_121,Circuit Printing,assembly_plant,Assembly Plant,TRUE,Electronics,300mm Wafer Lines,,26,3157,2807,945,recipe,20,copper_wiring,5,4.213,plastics,5,5.676,metallurgical_silicon,2,3.8808,,,,,,,,,,circuit_board,11,16.2679,,,,,,,,,,,,,178.9469,57.2066,2.4000,26.0000,63.9251,29.4152,0.00304,0.00912,0.0304,0.12
r_122,Semiconductor Fabbing,assembly_plant,Assembly Plant,TRUE,Electronics,,,26,3863,3434,1157,recipe,20,metallurgical_silicon,4,3.8808,circuit_board,12,16.2679,industrial_acids,1,3.817,refined_ree,5,12.8238,,,,,,,cpu,5,77.8921,,,,,,,,,,,,,389.4605,278.6740,2.4000,26.0000,78.2344,4.1521,0.00304,0.00912,0.0304,0.12
r_123,Fabless Semiconductors,high_tech_manufactory,High Tech Manufactory,TRUE,Electronics,Advanced Photolithography,,18,786,1529,4052,recipe,20,polysilicon,4,26.9533,circuit_board,2,16.2679,chem_salts,1,1.1,refined_ree,2,12.8238,,,,,,,cpu,5,77.8921,,,,,,,,,,,,,389.4605,167.0966,2.4000,18.0000,139.5147,62.4492,0.00304,0.00912,0.0304,0.12
r_124,Semiconductor 3D Printing,high_tech_manufactory,High Tech Manufactory,TRUE,Electronics,Additive Semiconductor Printing,,18,796,1582,4199,recipe,20,polysilicon,4,26.9533,circuit_board,1,16.2679,refined_ree,1,12.8238,,,,,,,,,,cpu,5,77.8921,,,,,,,,,,,,,389.4605,136.9049,2.4000,18.0000,144.4973,87.6583,0.00304,0.00912,0.0304,0.12
r_125,Computer Assembly,assembly_plant,Assembly Plant,TRUE,Electronics,,,26,3157,2807,945,recipe,20,circuit_board,3,16.2679,cpu,4,77.8921,aluminium,2,6.2601,,,,plastics,3,5.676,,,,computer,9,58.663,,,,,,,,,,,,,527.9670,389.9203,2.4000,26.0000,63.9251,45.7216,0.00304,0.00912,0.0304,0.12
r_126,Electrical Components Production,industrial_factory,Industrial Goods Factory,TRUE,Electrical Components,,,14,4686,1758,178,recipe,20,copper_wiring,12,4.213,plastics,5,5.676,chem_salts,5,1.1,,,,,,,,,,electrical_components,12,12.4146,,,,,,,,,,,,,148.9752,84.4360,2.4000,14.0000,35.6896,12.4496,0.00304,0.00912,0.0304,0.12
r_127,Precision Electrical Components,high_tech_manufactory,High Tech Manufactory,TRUE,Electrical Components,Precision Electronics Assembly,,18,2784,2475,831,recipe,20,copper_wiring,12,4.213,pvc,5,6.2458,refined_ree,5,12.8238,,,,,,,,,,electrical_components,21,12.4146,,,,,,,,,,,,,260.7066,145.9040,2.4000,18.0000,56.2978,38.1048,0.00304,0.00912,0.0304,0.12
r_128,Inert-Atmosphere Precision Components,high_tech_manufactory,High Tech Manufactory,FALSE,Electrical Components,,,18,2846,2531,850,recipe,20,copper_wiring,12,4.213,refined_ree,5,12.8238,noble_gases,6,0,,,,,,,,,,electrical_components,16,12.4146,,,,,,,,,,,,,198.6336,114.6750,2.4000,,57.5746,,0.00304,0.00912,0.0304,0.12
r_129,Carbon Fibre Weaving,high_tech_manufactory,High Tech Manufactory,FALSE,Manufacturing,,,18,2275,2023,679,recipe,20,plastics,6,5.676,graphite,2,9.9781,,,,,,,,,,,,,carbon_fibre,3,0,,,,,,,,,,,,,0.0000,54.0122,2.4000,,46.0074,,0.00304,0.00912,0.0304,0.12
r_130,Carbon Fibre 3D Printing,high_tech_manufactory,High Tech Manufactory,FALSE,Manufacturing,,,18,2275,2023,679,recipe,20,plastics,6,5.676,graphite,2,9.9781,,,,,,,,,,,,,carbon_fibre,4,0,,,,,,,,,,,,,0.0000,54.0122,2.4000,,46.0074,,0.00304,0.00912,0.0304,0.12
r_131,Hydrogen Power,power_plant,Power plant,TRUE,Power,Hydrogen Combustion Turbines,,4,500,126,66,recipe,0,hydrogen,2,3.63,,,,,,,,,,,,,,,,power,2540,0.11,,,,,,,,,,,,,279.4000,7.2600,0.0000,4.0000,4.6755,263.4645,0.00304,0.00912,0.0304,0.12
r_132,Alloy Metal Smelting,furnace,Furnace,TRUE,Alloy Metal Smelting,,,2,719,270,50,recipe,140,alloy_ore,20,1.0582,,,,,,,,,,,,,,,,alloy_ingots,30,1.8502,,,,,,,,,,,,,55.5060,21.1640,16.8000,2.0000,6.1682,9.3738,0.00304,0.00912,0.0304,0.12
r_133,Alloy Metal Electrolysis,electrolyser,Electrolyser,TRUE,Alloy Metal Smelting,Molten Salt Alloy Electrolysis,,2,1023,384,50,recipe,200,alloy_ore,20,1.0582,sodium_hydroxide,5,0.88,,,,,,,,,,,,,alloy_ingots,50,1.8502,,,,,,,,,,,,,92.5100,25.5640,24.0000,2.0000,8.1320,32.8140,0.00304,0.00912,0.0304,0.12
r_134,Alloy Metal Mining,mine,Mine,TRUE,Mineral Mining,,,4,1806,273,50,recipe,30,,,,,,,,,,,,,,,,,,,alloy_ore,24,1.0582,,,,,,,,,,,,,25.3968,0.0000,3.6000,4.0000,9.5000,8.2968,0.00304,0.00912,0.0304,0.12
r_135,Fibreglass Production,factory,Industrial Goods Factory,TRUE,Manufacturing,,,14,3831,1437,145,recipe,20,glass,3,2.3133,plastics,3,5.676,,,,,,,,,,,,,fibreglass,6,12.8909,,,,,,,,,,,,,77.3454,23.9679,2.4000,14.0000,29.1597,7.8178,0.00304,0.00912,0.0304,0.12
r_136,Iron Air Batteries,factory,Industrial Goods Factory,TRUE,Batteries,Iron-Air Battery Cells,,14,500,100,50,recipe,5,iron_ingots,6,1.0868,oxygen,2,0.275,steel,4,2.0185,pure_water,4,0.4884,,,,,,,iron_battery,6,5.5,,,,,,,,,,,,,33.0000,17.0984,0.6000,14.0000,3.9520,-2.6504,0.00304,0.00912,0.0304,0.12
r_137,Solid State Batteries,high_tech_manufactory,High Tech Manufactory,FALSE,Batteries,,,18,2518,2239,752,recipe,20,lithium_carbonate,6,7.3183,noble_gases,4,0,refined_ree,2,12.8238,alloy_ingots,4,1.8502,metallurgical_silicon,2,3.8808,,,,solid_battery,2,0,,,,,,,,,,,,,0.0000,84.7198,2.4000,,50.9352,,0.00304,0.00912,0.0304,0.12
r_138,Basic Fermentation,bio_chem_plant,,FALSE,Biofuels,,,,500,100,50,recipe,70,oil_crops,10,0,pure_water,5,0.4884,,,,,,,,,,,,,ethanol,10,0,,,,,,,,,,,,,0.0000,2.4420,8.4000,,3.9520,,0.00304,0.00912,0.0304,0.12
r_139,Celulosic Enzymatic Hydrolysis,bio_chem_plant,,FALSE,Biofuels,,,,500,100,50,recipe,70,wood,10,0,spec_microbes,2,0,pure_water,5,0.4884,,,,,,,,,,ethanol,20,0,,,,,,,,,,,,,0.0000,2.4420,8.4000,,3.9520,,0.00304,0.00912,0.0304,0.12
r_140,Transestesterification,bio_chem_plant,,FALSE,Biofuels,,,,500,100,50,recipe,70,oil_crops,10,0,methanol,5,0,,,,,,,,,,,,,fuels,10,2.6037,,,,,,,,,,,,,26.0370,0.0000,8.4000,,3.9520,,0.00304,0.00912,0.0304,0.12
r_141,HEFA Biofuels,bio_chem_plant,,FALSE,Biofuels,,,,500,100,50,recipe,70,oil_crops,10,0,hydrogen,4,3.63,,,,,,,,,,,,,SAF,10,0,propane,2,0,,,,,,,,,,0.0000,14.5200,8.4000,,3.9520,,0.00304,0.00912,0.0304,0.12
r_142,Crude Distillation,petro_refinery,Petrochemical Refinery,FALSE,Refining,,,2,756,287,50,recipe,70,crude_oil,10,1.1726,,,,,,,,,,,,,,,,heavy_oil,4,0,light_oil,4,0,petro_gases,2,0,,,,,,,0.0000,11.7260,8.4000,,6.4357,,0.00304,0.00912,0.0304,0.12
r_143,Catalytic Cracking,petro_refinery,Petrochemical Refinery,FALSE,Refining,,,2,756,287,50,recipe,70,crude_oil,10,1.1726,,,,,,,,,,,,,,,,heavy_oil,2,0,light_oil,5,0,petro_gases,3,0,,,,,,,0.0000,11.7260,8.4000,,6.4357,,0.00304,0.00912,0.0304,0.12
r_144,Gas to Methane,petro_refinery,Petrochemical Refinery,FALSE,Refining,,,2,756,287,50,recipe,70,petro_gases,6,0,,,,,,,,,,,,,,,,methane,4,0,propane,1,0,,,,,,,,,,0.0000,0.0000,8.4000,,6.4357,,0.00304,0.00912,0.0304,0.12
r_145,Offshore Wind Power Generation,offshore_wind_farm,Offshore Wind Farm,TRUE,Power,,,6,500,100,50,recipe,0,,,,,,,,,,,,,,,,,,,power,245,0.11,,,,,,,,,,,,,26.9500,0.0000,0.0000,6.0000,3.9520,16.9980,0.00304,0.00912,0.0304,0.12
r_146,Solar Power Generation,solar_farm,Solar Farm,TRUE,Power,,,4,500,100,50,recipe,0,,,,,,,,,,,,,,,,,,,power,228,0.11,,,,,,,,,,,,,25.0800,0.0000,0.0000,4.0000,3.9520,17.1280,0.00304,0.00912,0.0304,0.12
r_147,Propane Dehydrogenation,petro_refinery,Petrochemical Refinery,FALSE,Refining,,,2,756,287,50,recipe,70,propane,1,0,,,,,,,,,,,,,,,,hydrogen,1,3.63,ethylene,1,4.2262,,,,,,,,,,7.8562,0.0000,8.4000,,6.4357,,0.00304,0.00912,0.0304,0.12
r_148,Steam Cracking,petro_refinery,Petrochemical Refinery,FALSE,Refining,,,2,756,287,50,recipe,70,light_oil,4,0,pure_water,2,0.4884,,,,,,,,,,,,,ethylene,4,4.2262,petro_gases,2,0,,,,,,,,,,16.9048,0.9768,8.4000,,6.4357,,0.00304,0.00912,0.0304,0.12
r_149,Delayed Coking,petro_refinery,Petrochemical Refinery,FALSE,Carbon,,,2,756,287,50,recipe,70,heavy_oil,4,0,,,,,,,,,,,,,,,,pet_coke,8,3.3099,,,,,,,,,,,,,26.4792,0.0000,8.4000,,6.4357,,0.00304,0.00912,0.0304,0.12
r_150,Petroleum Needle Coke Calcination,petro_refinery,Petrochemical Refinery,TRUE,Carbon,,,2,789,300,50,recipe,240,pet_coke,16,3.3099,,,,,,,,,,,,,,,,graphite,10,9.9781,,,,,,,,,,,,,99.7810,52.9584,28.8000,2.0000,6.6546,9.3680,0.00304,0.00912,0.0304,0.12
r_151,Petroleum Needle Coke Power,power_plant,Power plant,TRUE,Power,Combined Cycle Turbines,,4,756,287,50,recipe,0,pet_coke,8,3.3099,,,,,,,,,,,,,,,,power,680,0.11,,,,,,,,,,,,,74.8000,26.4792,0.0000,4.0000,6.4357,37.8851,0.00304,0.00912,0.0304,0.12
r_152,Alcohol to Jet SAF,chem_plant,Chemical Plant,FALSE,Chemistry,,,8,2408,903,91,recipe,70,ethanol,6,0,hydrogen,3,3.63,,,,,,,,,,,,,SAF,6,0,pure_water,3,0.4884,,,,,,,,,,1.4652,10.8900,8.4000,,18.3221,,0.00304,0.00912,0.0304,0.12
r_153,Biomass Gassification,bio_chem_plant,,FALSE,Biofuels,,,,500,100,50,recipe,70,biomass,6,0.9999,pure_water,4,0.4884,,,,,,,,,,,,,fuels,4,2.6037,,,,,,,,,,,,,10.4148,7.9530,8.4000,,3.9520,,0.00304,0.00912,0.0304,0.12
r_154,Coal Liquefaction,chem_plant,Chemical Plant,TRUE,Chemistry,Fischer-Tropsch Synthesis,,8,2408,903,91,recipe,70,coal,10,0.44,hydrogen,2,3.63,,,,,,,,,,,,,fuels,85,2.6037,,,,,,,,,,,,,221.3145,11.6600,8.4000,8.0000,18.3221,174.9324,0.00304,0.00912,0.0304,0.12
r_155,Micro Algae Digestion,bio_chem_plant,,FALSE,Biofuels,,,,500,100,50,recipe,70,biomass,4,0.9999,spec_microbes,2,0,pure_water,2,0.4884,,,,,,,,,,ethylene,2,4.2262,,,,,,,,,,,,,8.4524,4.9764,8.4000,,3.9520,,0.00304,0.00912,0.0304,0.12
r_156,Medical Goods Production,high_tech_manufactory,High Tech Manufactory,FALSE,Manufacturing,,,18,3250,2890,970,recipe,20,plastics,10,5.676,oxygen,4,0.275,refined_ree,2,12.8238,rubber,10,4.2768,aluminium,2,6.2601,glass,2,2.3133,medical_components,4,0,,,,,,,,,,,,,0.0000,143.4224,2.4000,,65.7248,,0.00304,0.00912,0.0304,0.12
r_157,Thermo Mechanical Pulping,timber_paper_factory,,FALSE,,,,,500,100,50,recipe,70,wood,5,0,pure_water,4,0.4884,,,,,,,,,,,,,wood_pulp,5,0,,,,,,,,,,,,,0.0000,1.9536,8.4000,,3.9520,,0.00304,0.00912,0.0304,0.12
r_158,Chemical Wood Bleaching,timber_paper_factory,,FALSE,,,,,500,100,50,recipe,20,wood,5,0,sodium_hydroxide,2,0.88,,,,,,,,,,,,,wood_pulp,5,0,,,,,,,,,,,,,0.0000,1.7600,2.4000,,3.9520,,0.00304,0.00912,0.0304,0.12
r_159,Wood Pulp Bleaching,timber_paper_factory,,FALSE,,,,,500,100,50,recipe,70,wood_pulp,5,0,chlorine,2,0.792,,,,,,,,,,,,,paper_pulp,5,0,,,,,,,,,,,,,0.0000,1.5840,8.4000,,3.9520,,0.00304,0.00912,0.0304,0.12
r_160,Paper Goods Production,timber_paper_factory,,FALSE,,,,,500,100,50,recipe,20,paper_pulp,5,0,,,,,,,,,,,,,,,,paper_goods,10,0,,,,,,,,,,,,,0.0000,0.0000,2.4000,,3.9520,,0.00304,0.00912,0.0304,0.12
r_161,Paper Pulp Oxygen Delignification,timber_paper_factory,,FALSE,,,,,500,100,50,recipe,70,wood_pulp,5,0,oxygen,2,0.275,pure_water,2,0.4884,,,,,,,,,,paper_pulp,10,0,,,,,,,,,,,,,0.0000,1.5268,8.4000,,3.9520,,0.00304,0.00912,0.0304,0.12
r_162,Wood Toy Craftsmanship,factory,Industrial Goods Factory,FALSE,,,,14,3831,1437,145,recipe,20,wood,2,0,,,,,,,,,,,,,,,,toys,10,0,,,,,,,,,,,,,0.0000,0.0000,2.4000,,29.1597,,0.00304,0.00912,0.0304,0.12
r_163,plastics Toy Manufacturing,factory,Industrial Goods Factory,FALSE,,,,14,3831,1437,145,recipe,20,plastics,2,5.676,,,,,,,,,,,,,,,,toys,20,0,,,,,,,,,,,,,0.0000,11.3520,2.4000,,29.1597,,0.00304,0.00912,0.0304,0.12
r_164,plastics Toy Mass Production,factory,Industrial Goods Factory,FALSE,,,,14,3831,1437,145,recipe,20,plastics,4,5.676,,,,,,,,,,,,,,,,toys,50,0,,,,,,,,,,,,,0.0000,22.7040,2.4000,,29.1597,,0.00304,0.00912,0.0304,0.12
r_165,Radial Axial Tire Production,factory,Industrial Goods Factory,TRUE,,,,14,6850,2569,260,recipe,20,rubber,16,4.2768,sulphur,11,1.0582,steel,20,2.0185,,,,,,,,,,tyres,36,6.0115,,,,,,,,,,,,,216.4140,120.4390,2.4000,14.0000,52.1573,27.4177,0.00304,0.00912,0.0304,0.12
r_166,Food Paper Packaging,consumer_goods_factory,Consumer Goods Factory,FALSE,,consumer,,4,500,154,55,recipe,20,food,5,0,paper_products,2,0,,,,,,,,,,,,,food_products,5,0,,,,,,,,,,,,,0.0000,0.0000,2.4000,,4.5965,,0.00304,0.00912,0.0304,0.12
r_167,plastics Food Packaging,consumer_goods_factory,Consumer Goods Factory,FALSE,,consumer,,4,500,154,55,recipe,20,food,5,0,plastics,2,5.676,,,,,,,,,,,,,food_products,5,0,,,,,,,,,,,,,0.0000,11.3520,2.4000,,4.5965,,0.00304,0.00912,0.0304,0.12
r_168,Fabric Crops Farming,farm,Farm,FALSE,,,,2,966,147,50,recipe,10,pure_water,2,0.4884,,,,,,,,,,,,,,,,fabric_crops,4,0,biomass,1,0.9999,,,,,,,,,,0.9999,0.9768,1.2000,,5.7973,,0.00304,0.00912,0.0304,0.12
r_169,Oil Crops Farming,farm,Farm,FALSE,,,,2,966,147,50,recipe,10,pure_water,2,0.4884,,,,,,,,,,,,,,,,oil_crops,4,0,biomass,1,0.9999,,,,,,,,,,0.9999,0.9768,1.2000,,5.7973,,0.00304,0.00912,0.0304,0.12
r_170,Intensive Fabric Crops Farming,farm,Farm,FALSE,,,,2,966,147,50,recipe,10,fertilisers,2,13.3804,pure_water,4,0.4884,,,,,,,,,,,,,fabric_crops,6,0,biomass,2,0.9999,,,,,,,,,,1.9998,28.7144,1.2000,,5.7973,,0.00304,0.00912,0.0304,0.12
r_171,Intensive Oil Crops Farming,farm,Farm,FALSE,,,,2,966,147,50,recipe,10,fertilisers,2,13.3804,pure_water,4,0.4884,,,,,,,,,,,,,oil_crops,6,0,biomass,2,0.9999,,,,,,,,,,1.9998,28.7144,1.2000,,5.7973,,0.00304,0.00912,0.0304,0.12
r_172,Pharmaceutical Precuror Production,bio_chem_plant,,FALSE,,,,,500,100,50,recipe,20,methanol,2,0,,,,,,,,,,,,,,,,api,2,0,,,,,,,,,,,,,0.0000,0.0000,2.4000,,3.9520,,0.00304,0.00912,0.0304,0.12
r_173,Specialty Microbe Production,bio_chem_plant,,FALSE,,,,,500,100,50,recipe,20,biomass,2,0.9999,ethanol,1,0,,,,,,,,,,,,,spec_microbes,2,0,,,,,,,,,,,,,0.0000,1.9998,2.4000,,3.9520,,0.00304,0.00912,0.0304,0.12
r_174,Methanol Production,petro_refinery,Petrochemical Refinery,FALSE,,,,2,756,287,50,recipe,70,methane,2,0,hydrogen,1,3.63,oxygen,1,0.275,,,,,,,,,,methanol,3,0,,,,,,,,,,,,,0.0000,3.9050,8.4000,,6.4357,,0.00304,0.00912,0.0304,0.12
r_175,PVC Polymerisation,poly_plant,Polymerisation Refinery,TRUE,Chemistry,,,2,736,438,88,recipe,70,ethylene,13,4.2262,chlorine,13,0.792,,,,,,,,,,,,,pvc,16,6.2458,,,,,,,,,,,,,99.9328,65.2366,8.4000,2.0000,8.9072,15.3890,0.00304,0.00912,0.0304,0.12
r_177,Shale Oil Fracking,fracking_oil_well,Hydraulic Fracking Oil Wells,TRUE,Oil Extraction,Shale Oil Fracturing,,4,1722,266,50,recipe,30,,,,,,,,,,,,,,,,,,,crude_oil,29,1.1726,,,,,,,,,,,,,34.0054,0.0000,3.6000,4.0000,9.1808,17.2246,0.00304,0.00912,0.0304,0.12
r_178,Offshore Oil Extraction,offshore_oil_platform,Offshore Oil Platform,TRUE,Oil Extraction,Offshore Drilling Platforms,,4,1722,266,50,recipe,30,,,,,,,,,,,,,,,,,,,crude_oil,45,1.1726,,,,,,,,,,,,,52.7670,0.0000,3.6000,4.0000,9.1808,35.9862,0.00304,0.00912,0.0304,0.12
r_179,Sulphur Mining,mine,Mine,TRUE,Mineral Mining,,,4,1806,273,50,recipe,30,,,,,,,,,,,,,,,,,,,sulphur,24,1.0582,,,,,,,,,,,,,25.3968,0.0000,3.6000,4.0000,9.5000,8.2968,0.00304,0.00912,0.0304,0.12
r_180,Oil Refining,petro_refinery,Petrochemical Refinery,TRUE,Refining,,,2,882,335,50,recipe,70,crude_oil,20,1.1726,,,,,,,,,,,,,,,,processed_oil,18,2.9205,,,,,,,,,,,,,52.5690,23.4520,8.4000,2.0000,7.2565,11.4605,0.00304,0.00912,0.0304,0.12
r_181,Oil Power Production,power_plant,Power plant,TRUE,Power,,,4,500,126,66,recipe,0,processed_oil,6,2.9205,,,,,,,,,,,,,,,,power,525,0.11,,,,,,,,,,,,,57.7500,17.5230,0.0000,4.0000,4.6755,31.5515,0.00304,0.00912,0.0304,0.12
r_203,Hairpin Stator Motors,assembly_plant,Assembly Plant,TRUE,Industrial Equipment,Hairpin Stator Winding,,26,2091,3679,2833,recipe,20,steel,8,2.0185,copper_wiring,12,4.213,refined_ree,3,12.8238,,,,,,,,,,motor,28,10.3356,,,,,,,,,,,,,289.3968,105.1754,2.4000,26.0000,126.0323,29.7891,0.00304,0.00912,0.0304,0.12
r_204,Heavy Vehicles Assembly,factory,Industrial Goods Factory,TRUE,Car And Large Vehicles,,,14,14732,9157,2637,recipe,20,car_body,14,12.4344,large_engine,11,46.5641,lithium_battery,7,27.5,fuels,22,2.6037,,,,,,,heavy_vehicle,5,250.8,,,,,,,,,,,,,1254.0000,936.0681,2.4000,14.0000,208.4619,93.0700,0.00304,0.00912,0.0304,0.12
r_205,Heavy Vehicles Automated Manufacturing,assembly_plant,Assembly Plant,TRUE,Car And Large Vehicles,Heavy Vehicle Assembly,,26,2657,4953,3825,recipe,20,car_body,14,12.4344,large_engine,11,46.5641,lithium_battery,7,27.5,fuels,22,2.6037,,,,,,,heavy_vehicle,5,250.8,,,,,,,,,,,,,1254.0000,936.0681,2.4000,26.0000,169.5286,120.0033,0.00304,0.00912,0.0304,0.12
r_206,Electric Heavy Vehicles Manufacturing,assembly_plant,Assembly Plant,TRUE,Car And Large Vehicles,Electric Drivetrain Integration,,26,1911,4334,3814,recipe,20,car_body,14,12.4344,large_engine,11,46.5641,lithium_battery,9,27.5,,,,,,,,,,heavy_vehicle,5,250.8,,,,,,,,,,,,,1254.0000,933.7867,2.4000,26.0000,161.2811,130.5322,0.00304,0.00912,0.0304,0.12
r_207,Heavy Electric Motor,assembly_plant,Assembly Plant,TRUE,Vehicle Components,Motor Winding Automation,,26,5863,5213,1755,recipe,20,steel,16,2.0185,aluminium,12,6.2601,motor,16,10.3356,electrical_components,8,12.4146,,,,,,,large_engine,13,46.5641,,,,,,,,,,,,,605.3333,372.1036,2.4000,26.0000,118.7181,86.1116,0.00304,0.00912,0.0304,0.12
r_208,Sustainable Biomass Production,farm,Farm,TRUE,Farming,Energy Crop Cultivation,,2,966,147,50,recipe,10,fertilisers,1,13.3804,,,,,,,,,,,,,,,,biomass,15,0.9999,waste_water,5,0.11,,,,,,,,,,15.5485,13.3804,1.2000,2.0000,5.7973,-6.8292,0.00304,0.00912,0.0304,0.12
r_209,Strip Farming - Biomass,farm,Farm,TRUE,Farming,,,2,966,147,50,recipe,10,fertilisers,4,13.3804,pure_water,2,0.4884,,,,,,,,,,,,,biomass,24,0.9999,waste_water,15,0.11,,,,,,,,,,25.6476,54.4984,1.2000,2.0000,5.7973,-37.8481,0.00304,0.00912,0.0304,0.12
r_211,Agri Solar Farming - Biomass,farm,Farm,TRUE,Farming,,,2,966,147,50,recipe,10,,,,,,,,,,,,,,,,,,,biomass,10,0.9999,waste_water,5,0.11,,,,,,,,,,10.5490,0.0000,1.2000,2.0000,5.7973,1.5517,0.00304,0.00912,0.0304,0.12
r_212,Livestock Farming - Biomass,farm,Farm,TRUE,Farming,,,2,966,147,50,recipe,10,pure_water,3,0.4884,,,,,,,,,,,,,,,,biomass,12,0.9999,waste_water,10,0.11,,,,,,,,,,13.0988,1.4652,1.2000,2.0000,5.7973,2.6363,0.00304,0.00912,0.0304,0.12
r_213,Aggressive Logging - Biomass,forest,New Growth Forest,TRUE,Forestry,,,6,2898,448,50,recipe,10,,,,,,,,,,,,,,,,,,,biomass,30,0.9999,,,,,,,,,,,,,29.9970,0.0000,1.2000,6.0000,14.4157,8.3813,0.00304,0.00912,0.0304,0.12
r_214,Sustainable Forestry - Biomass,forest,New Growth Forest,TRUE,Forestry,Sustainable Forestry,,6,2898,448,50,recipe,10,,,,,,,,,,,,,,,,,,,biomass,55,0.9999,,,,,,,,,,,,,54.9945,0.0000,1.2000,6.0000,14.4157,33.3788,0.00304,0.00912,0.0304,0.12
r_215,Gentle Pruning - Biomass,forest,New Growth Forest,TRUE,Forestry,,,6,2898,448,50,recipe,10,,,,,,,,,,,,,,,,,,,biomass,30,0.9999,,,,,,,,,,,,,29.9970,0.0000,1.2000,6.0000,14.4157,8.3813,0.00304,0.00912,0.0304,0.12
r_216,National Park Tourism - Biomass,forest,New Growth Forest,FALSE,Forestry,,,6,2898,448,50,recipe,10,plastics,1,5.676,,,,,,,,,,,,,,,,biomass,3,0.9999,money,20,0,municipal_waste,1,0,,,,,,,2.9997,5.6760,1.2000,,14.4157,,0.00304,0.00912,0.0304,0.12
r_217,Biomass Carbonisation,furnace,Furnace,TRUE,Carbon,,,2,788,296,50,recipe,140,biomass,24,0.9999,,,,,,,,,,,,,,,,carbonised_biomass,18,3.2571,,,,,,,,,,,,,58.6278,23.9976,16.8000,2.0000,6.6150,9.2152,0.00304,0.00912,0.0304,0.12
r_218,Petroleum Coking,petro_refinery,Petrochemical Refinery,TRUE,Carbon,,,2,882,335,50,recipe,140,crude_oil,20,1.1726,,,,,,,,,,,,,,,,pet_coke,18,3.3099,,,,,,,,,,,,,59.5782,23.4520,16.8000,2.0000,7.2565,10.0697,0.00304,0.00912,0.0304,0.12
r_219,Copper Pipe Moulding,furnace,Furnace,TRUE,Copper Products,Alloy Heat Treatment,,2,643,241,50,recipe,70,copper_ingots,14,2.6004,chem_salts,2,1.1,,,,,,,,,,,,,copper_pipe,27,3.3198,,,,,,,,,,,,,89.6346,38.6056,8.4000,2.0000,5.6726,34.9564,0.00304,0.00912,0.0304,0.12
r_220,Copper Pipe Manufacturing,industrial_factory,Industrial Goods Factory,TRUE,Copper Products,Precision Tube Drawing,,14,3870,1451,147,recipe,70,copper_ingots,14,2.6004,industrial_acids,1,3.817,,,,,,,,,,,,,copper_pipe,48,3.3198,,,,,,,,,,,,,159.3504,40.2226,8.4000,14.0000,29.4667,67.2611,0.00304,0.00912,0.0304,0.12
r_221,Deepwater Oil Extraction,offshore_oil_platform,Offshore Oil Platform,TRUE,Oil Extraction,Dynamic-Positioning Drilling,,4,1722,266,50,recipe,30,,,,,,,,,,,,,,,,,,,crude_oil,45,1.1726,,,,,,,,,,,,,52.7670,0.0000,3.6000,4.0000,9.1808,35.9862,0.00304,0.00912,0.0304,0.12
r_222,Subsea Manifold Extraction,offshore_oil_platform,Offshore Oil Platform,TRUE,Oil Extraction,Subsea Production Systems,,4,1722,266,50,recipe,30,,,,,,,,,,,,,,,,,,,crude_oil,75,1.1726,,,,,,,,,,,,,87.9450,0.0000,3.6000,4.0000,9.1808,71.1642,0.00304,0.00912,0.0304,0.12
r_223,Floating Offshore Wind Power,offshore_wind_farm,Offshore Wind Farm,TRUE,Power,Floating Offshore Wind Farms,,6,500,100,50,recipe,0,,,,,,,,,,,,,,,,,,,power,1120,0.11,,,,,,,,,,,,,123.2000,0.0000,0.0000,6.0000,3.9520,113.2480,0.00304,0.00912,0.0304,0.12
r_224,Hydroelectric Power,hydro_power_plant,Hydroelectric Dam,TRUE,Power,hydro,,6,500,100,50,recipe,0,,,,,,,,,,,,,,,,,,,power,370,0.11,,,,,,,,,,,,,40.7000,0.0000,0.0000,6.0000,3.9520,30.7480,0.00304,0.00912,0.0304,0.12
r_225,Battery Storage,battery,Battery Electric Storage,TRUE,Batteries,,lithium_battery;sodium_battery;iron_battery,6,500,100,50,recipe,0,,,,,,,,,,,,,,,,,,,,,,,,,,,,,,,,,,0.0000,0.0000,0.0000,6.0000,3.9520,-9.9520,0.00304,0.00912,0.0304,0.12
r_226,Magnetic Separation Electrolysis,electrolyser,Electrolyser,TRUE,Electrochemistry,Molten Salt Alloy Electrolysis,,2,784,294,50,recipe,240,ree_ore,10,2.09,pure_water,4,0.4884,,,,,,,,,,,,,refined_ree,7,12.8238,,,,,,,,,,,,,89.7666,22.8536,28.8000,2.0000,6.5846,29.5284,0.00304,0.00912,0.0304,0.12
r_227,Rudimentary Lithium Refinement,furnace,Furnace,TRUE,Electrochemistry,,,2,616,231,50,recipe,100,lithium_ore,8,3.1218,industrial_acids,3,3.817,,,,,,,,,,,,,lithium_carbonate,9,7.3183,,,,,,,,,,,,,65.8647,36.4254,12.0000,2.0000,5.4994,9.9399,0.00304,0.00912,0.0304,0.12
r_228,Bio Ethylene,chem_plant,Chemical Plant,TRUE,Biofuels,Biomass Cracking,,8,2408,903,91,recipe,100,biomass,10,0.9999,,,,,,,,,,,,,,,,ethylene,28,4.2262,,,,,,,,,,,,,118.3336,9.9990,12.0000,8.0000,18.3221,70.0125,0.00304,0.00912,0.0304,0.12
r_229,CZ Monocrystal Growth,chem_plant,Chemical Plant,TRUE,Chemistry,,,8,2408,903,91,recipe,240,polysilicon,3,26.9533,,,,,,,,,,,,,,,,high_grade_silicon,2,66,,,,,,,,,,,,,132.0000,80.8599,28.8000,8.0000,18.3221,-3.9820,0.00304,0.00912,0.0304,0.12
r_230,Monocrystal CPU Fabbing,assembly_plant,Assembly Plant,TRUE,Electronics,,,26,3863,3434,1157,recipe,20,high_grade_silicon,2,66,circuit_board,8,16.2679,refined_ree,3,12.8238,,,,,,,,,,cpu,5,77.8921,,,,,,,,,,,,,389.4605,300.6146,2.4000,26.0000,78.2344,-17.7885,0.00304,0.00912,0.0304,0.12
r_231,Anthracite Graphitisation,eaf,Electric Arc Furnace,TRUE,Carbon,,,4,1162,441,50,recipe,160,coal,45,0.44,,,,,,,,,,,,,,,,graphite,2,9.9781,,,,,,,,,,,,,19.9562,19.8000,19.2000,4.0000,9.0744,-32.1182,0.00304,0.00912,0.0304,0.12
