key,file,line,step_id,chapter,field,active,format_args,text
tutorial.port_purchase_disabled,price-of-everything-0.1/scripts/tutorial/tutorial_engine.gd,18,,,tooltip,TRUE,,This option is disabled during the tutorial
coach.eyebrow_format,price-of-everything-0.1/scripts/tutorial/coach_overlay.gd,376,,,format,TRUE,"[str(step.get(""chapter"", """")), index + 1, total]",%s  ·  Step %d/%d
coach.choice_fallback,price-of-everything-0.1/scripts/tutorial/coach_overlay.gd,387,,,button,TRUE,,Choose
coach.skip_button,price-of-everything-0.1/scripts/tutorial/coach_overlay.gd,623,,,button,TRUE,,Skip tutorial
coach.next_button,price-of-everything-0.1/scripts/tutorial/coach_overlay.gd,579,,,button,TRUE,,Next
coach.welcome_skip_button,price-of-everything-0.1/scripts/tutorial/coach_overlay.gd,623,,,button,TRUE,,Skip tutorial
coach.welcome_cta_default,price-of-everything-0.1/scripts/tutorial/coach_overlay.gd,636,,,button,TRUE,,Begin
intro.back_button,price-of-everything-0.1/scripts/tutorial_intro_panel.gd,50,,,button,TRUE,,Back
intro.banner,price-of-everything-0.1/scripts/tutorial_intro_panel.gd,70,,,title,TRUE,,TUTORIAL
intro.blurb,price-of-everything-0.1/scripts/tutorial_intro_panel.gd,77,,,body,TRUE,,"A guided first game on a small stretch of coast. Learn how the economy fits together, one building at a time — then drop into a real game."
intro.begin_button,price-of-everything-0.1/scripts/tutorial_intro_panel.gd,101,,,button,TRUE,,Begin Tutorial
prompt.title,price-of-everything-0.1/scripts/tutorial_prompt_dialog.gd,71,,,title,TRUE,,Are you sure you want to proceed without the Tutorial?
prompt.blurb,price-of-everything-0.1/scripts/tutorial_prompt_dialog.gd,79,,,body,TRUE,,"The tutorial takes about ten minutes and teaches the basics — buying a building, powering it, and integrating your first supply chain. It's the fastest way to get your bearings."
prompt.accept_button,price-of-everything-0.1/scripts/tutorial_prompt_dialog.gd,92,,,button,TRUE,,Go to Tutorial
prompt.decline_button,price-of-everything-0.1/scripts/tutorial_prompt_dialog.gd,104,,,button,TRUE,,New Game without Tutorial
menu.tutorial_button,price-of-everything-0.1/scripts/main_menu.gd,320,,,button,TRUE,,Tutorial
intro.covers[0],price-of-everything-0.1/scripts/tutorial_intro_panel.gd,18,,,bullet,TRUE,,Buy your first factory and read its cost per unit
intro.covers[1],price-of-everything-0.1/scripts/tutorial_intro_panel.gd,19,,,bullet,TRUE,,"Power it, lay cables and pipelines, source water and coal"
intro.covers[2],price-of-everything-0.1/scripts/tutorial_intro_panel.gd,20,,,bullet,TRUE,,"Survey, mine, ship, and integrate a supply chain"
step.welcome.chapter,price-of-everything-0.1/scripts/tutorial/tutorial_steps.gd,93,welcome,Welcome,chapter,TRUE,,Welcome
step.welcome.title,price-of-everything-0.1/scripts/tutorial/tutorial_steps.gd,94,welcome,Welcome,title,TRUE,,Welcome to Carbon and Capital
step.welcome.paragraphs[0],price-of-everything-0.1/scripts/tutorial/tutorial_steps.gd,97,welcome,Welcome,paragraph,TRUE,,"Carbon and Capital is an industrial simulator where you take over a business and expand it, integrating along the way until you are the biggest company in Taralia."
step.welcome.paragraphs[1],price-of-everything-0.1/scripts/tutorial/tutorial_steps.gd,98,welcome,Welcome,paragraph,TRUE,,"This tutorial will take you through the basics of buying and constructing buildings, how to feed your furnaces and factories and get your company up and running. It also covers how loans work, how to unlock research, hire advisors and more."
step.welcome.cta,price-of-everything-0.1/scripts/tutorial/tutorial_steps.gd,100,welcome,Welcome,cta,TRUE,,Begin
step.ui_primer.chapter,price-of-everything-0.1/scripts/tutorial/tutorial_steps.gd,108,ui_primer,Welcome,chapter,TRUE,,Welcome
step.ui_primer.title,price-of-everything-0.1/scripts/tutorial/tutorial_steps.gd,109,ui_primer,Welcome,title,TRUE,,Your control panel
step.ui_primer.body,price-of-everything-0.1/scripts/tutorial/tutorial_steps.gd,112,ui_primer,Welcome,body,TRUE,,"A quick tour of the screen. The bar along the bottom is your toolkit — each tool has a keyboard shortcut (the letter in brackets). The top bar is your dashboard: money, victory tracks, the briefing with updates and decisions, your advisors and the menu. You end each turn from the bottom-right. Have a look, then press Next."
step.ui_primer.targets[0].label,price-of-everything-0.1/scripts/tutorial/tutorial_steps.gd,114,ui_primer,Welcome,target_label,TRUE,,Build (C)
step.ui_primer.targets[1].label,price-of-everything-0.1/scripts/tutorial/tutorial_steps.gd,115,ui_primer,Welcome,target_label,TRUE,,Goods list (R)
step.ui_primer.targets[2].label,price-of-everything-0.1/scripts/tutorial/tutorial_steps.gd,116,ui_primer,Welcome,target_label,TRUE,,Buildings (L)
step.ui_primer.targets[3].label,price-of-everything-0.1/scripts/tutorial/tutorial_steps.gd,117,ui_primer,Welcome,target_label,TRUE,,Overlays (O)
step.ui_primer.targets[4].label,price-of-everything-0.1/scripts/tutorial/tutorial_steps.gd,118,ui_primer,Welcome,target_label,TRUE,,Markets (M)
step.ui_primer.targets[5].label,price-of-everything-0.1/scripts/tutorial/tutorial_steps.gd,119,ui_primer,Welcome,target_label,TRUE,,Narrative & Politics (N)
step.ui_primer.targets[6].label,price-of-everything-0.1/scripts/tutorial/tutorial_steps.gd,120,ui_primer,Welcome,target_label,TRUE,,Research (R)
step.ui_primer.targets[7].label,price-of-everything-0.1/scripts/tutorial/tutorial_steps.gd,121,ui_primer,Welcome,target_label,TRUE,,People (P)
step.ui_primer.targets[8].label,price-of-everything-0.1/scripts/tutorial/tutorial_steps.gd,122,ui_primer,Welcome,target_label,TRUE,,Empire view (Tab)
step.ui_primer.targets[9].label,price-of-everything-0.1/scripts/tutorial/tutorial_steps.gd,123,ui_primer,Welcome,target_label,TRUE,,"Budgets, charts & loans"
step.ui_primer.targets[10].label,price-of-everything-0.1/scripts/tutorial/tutorial_steps.gd,124,ui_primer,Welcome,target_label,TRUE,,Victory tracks — five ways to win
step.ui_primer.targets[11].label,price-of-everything-0.1/scripts/tutorial/tutorial_steps.gd,125,ui_primer,Welcome,target_label,TRUE,,Briefing — updates & decisions
step.ui_primer.targets[12].label,price-of-everything-0.1/scripts/tutorial/tutorial_steps.gd,126,ui_primer,Welcome,target_label,TRUE,,Advisors
step.ui_primer.targets[13].label,price-of-everything-0.1/scripts/tutorial/tutorial_steps.gd,127,ui_primer,Welcome,target_label,TRUE,,Encyclopedia (X)
step.ui_primer.targets[14].label,price-of-everything-0.1/scripts/tutorial/tutorial_steps.gd,128,ui_primer,Welcome,target_label,TRUE,,Goods Graph (G)
step.ui_primer.targets[15].label,price-of-everything-0.1/scripts/tutorial/tutorial_steps.gd,129,ui_primer,Welcome,target_label,TRUE,,Main menu
step.ui_primer.targets[16].label,price-of-everything-0.1/scripts/tutorial/tutorial_steps.gd,130,ui_primer,Welcome,target_label,TRUE,,End turn
step.recipe_inputs_intro.chapter,price-of-everything-0.1/scripts/tutorial/tutorial_steps.gd,139,recipe_inputs_intro,Production,chapter,TRUE,,Production
step.recipe_inputs_intro.title,price-of-everything-0.1/scripts/tutorial/tutorial_steps.gd,140,recipe_inputs_intro,Production,title,TRUE,,Buildings run recipes
step.recipe_inputs_intro.body,price-of-everything-0.1/scripts/tutorial/tutorial_steps.gd,143,recipe_inputs_intro,Production,body,TRUE,,"Buildings run recipes to produce outputs, like rubber. Each recipe requires inputs: power to run and also goods like oxygen and ethylene."
step.recipe_outputs_intro.chapter,price-of-everything-0.1/scripts/tutorial/tutorial_steps.gd,151,recipe_outputs_intro,Production,chapter,TRUE,,Production
step.recipe_outputs_intro.title,price-of-everything-0.1/scripts/tutorial/tutorial_steps.gd,152,recipe_outputs_intro,Production,title,TRUE,,Where the output goes
step.recipe_outputs_intro.body,price-of-everything-0.1/scripts/tutorial/tutorial_steps.gd,155,recipe_outputs_intro,Production,body,TRUE,,"The resulting goods can then be used in construction, sold to the market or used to feed into something else."
step.capital_motor_open.chapter,price-of-everything-0.1/scripts/tutorial/tutorial_steps.gd,163,capital_motor_open,Moving Goods,chapter,TRUE,,Moving Goods
step.capital_motor_open.title,price-of-everything-0.1/scripts/tutorial/tutorial_steps.gd,164,capital_motor_open,Moving Goods,title,TRUE,,Open your motor factory
step.capital_motor_open.body,price-of-everything-0.1/scripts/tutorial/tutorial_steps.gd,165,capital_motor_open,Moving Goods,body,TRUE,,This Industrial Goods Factory belongs to you and makes motors. Click the factory card to open it.
step.capital_motor_route.chapter,price-of-everything-0.1/scripts/tutorial/tutorial_steps.gd,176,capital_motor_route,Moving Goods,chapter,TRUE,,Moving Goods
step.capital_motor_route.title,price-of-everything-0.1/scripts/tutorial/tutorial_steps.gd,177,capital_motor_route,Moving Goods,title,TRUE,,Choose where output goes
step.capital_motor_route.body,price-of-everything-0.1/scripts/tutorial/tutorial_steps.gd,178,capital_motor_route,Moving Goods,body,TRUE,,"You can send output to a stockpile, where other buildings may use it, to other tiles, or to the market for sale. Press Next."
step.capital_motor_watch.chapter,price-of-everything-0.1/scripts/tutorial/tutorial_steps.gd,188,capital_motor_watch,Moving Goods,chapter,TRUE,,Moving Goods
step.capital_motor_watch.title,price-of-everything-0.1/scripts/tutorial/tutorial_steps.gd,189,capital_motor_watch,Moving Goods,title,TRUE,,Watch the first shipment
step.capital_motor_watch.body,price-of-everything-0.1/scripts/tutorial/tutorial_steps.gd,190,capital_motor_watch,Moving Goods,body,TRUE,,There is no road or rail on this route yet. End Turn up to five times and watch the motor pentagon move one tile at a time toward Capital Port. Your first profit arrives only when it reaches the port.
step.capital_money_transport.chapter,price-of-everything-0.1/scripts/tutorial/tutorial_steps.gd,203,capital_money_transport,Moving Goods,chapter,TRUE,,Moving Goods
step.capital_money_transport.title,price-of-everything-0.1/scripts/tutorial/tutorial_steps.gd,204,capital_money_transport,Moving Goods,title,TRUE,,Transporting without roads is slow and inefficient
step.capital_money_transport.body,price-of-everything-0.1/scripts/tutorial/tutorial_steps.gd,205,capital_money_transport,Moving Goods,body,TRUE,,Transporting offroad/using unpaved roads is brutal in terms of time and money. This transport section explains how that cost breaks down. Click next when you're ready to see what roads can do.
step.capital_road_install.chapter,price-of-everything-0.1/scripts/tutorial/tutorial_steps.gd,214,capital_road_install,Moving Goods,chapter,TRUE,,Moving Goods
step.capital_road_install.title,price-of-everything-0.1/scripts/tutorial/tutorial_steps.gd,215,capital_road_install,Moving Goods,title,TRUE,,Roads speed up deliveries
step.capital_road_install.body,price-of-everything-0.1/scripts/tutorial/tutorial_steps.gd,216,capital_road_install,Moving Goods,body,TRUE,,Roads and rail ship goods overland faster and cheaper. A road has been automatically built between the factory and the port. Roads allow shipments to go 2 tiles each turn instead of the default 1 tile per turn. The 5 tile journey now completes in just 3 turns. Press Next.
step.capital_road_watch.chapter,price-of-everything-0.1/scripts/tutorial/tutorial_steps.gd,232,capital_road_watch,Moving Goods,chapter,TRUE,,Moving Goods
step.capital_road_watch.title,price-of-everything-0.1/scripts/tutorial/tutorial_steps.gd,233,capital_road_watch,Moving Goods,title,TRUE,,Factory to port in 3 turns
step.capital_road_watch.body,price-of-everything-0.1/scripts/tutorial/tutorial_steps.gd,234,capital_road_watch,Moving Goods,body,TRUE,,Click End Turn until the shipment reaches the port via roads.
step.capital_rail_build.chapter,price-of-everything-0.1/scripts/tutorial/tutorial_steps.gd,247,capital_rail_build,Moving Goods,chapter,TRUE,,Moving Goods
step.capital_rail_build.title,price-of-everything-0.1/scripts/tutorial/tutorial_steps.gd,248,capital_rail_build,Moving Goods,title,TRUE,,Build rail along the route
step.capital_rail_build.body,price-of-everything-0.1/scripts/tutorial/tutorial_steps.gd,249,capital_rail_build,Moving Goods,body,TRUE,,"Rail is faster and cheaper for heavy solid goods such as motors. The port terminal is ready. Build Rail on the factory tile and the four amber tiles between it and the port, then End Turn to complete the route."
step.capital_rail_watch.chapter,price-of-everything-0.1/scripts/tutorial/tutorial_steps.gd,267,capital_rail_watch,Moving Goods,chapter,TRUE,,Moving Goods
step.capital_rail_watch.title,price-of-everything-0.1/scripts/tutorial/tutorial_steps.gd,268,capital_rail_watch,Moving Goods,title,TRUE,,Rail cuts it to two turns
step.capital_rail_watch.body,price-of-everything-0.1/scripts/tutorial/tutorial_steps.gd,269,capital_rail_watch,Moving Goods,body,TRUE,,"The rail route is complete. End Turn up to two times and watch: rail covers four tiles per turn, so the five-tile journey now takes only two turns. Its per-unit transport price is lower than the road shipment too."
step.capital_fluids.chapter,price-of-everything-0.1/scripts/tutorial/tutorial_steps.gd,282,capital_fluids,Moving Goods,chapter,TRUE,,Moving Goods
step.capital_fluids.title,price-of-everything-0.1/scripts/tutorial/tutorial_steps.gd,283,capital_fluids,Moving Goods,title,TRUE,,Some goods can use pipework
step.capital_fluids.body,price-of-everything-0.1/scripts/tutorial/tutorial_steps.gd,284,capital_fluids,Moving Goods,body,TRUE,,"Some goods can travel by Pipework or Reinforced Pipework as well as by road or rail. Hydrogen, for example, can use Reinforced Pipework. It is cheaper and keeps traffic off your roads and rail. Press Next."
step.capital_port_open.chapter,price-of-everything-0.1/scripts/tutorial/tutorial_steps.gd,293,capital_port_open,Moving Goods,chapter,TRUE,,Moving Goods
step.capital_port_open.title,price-of-everything-0.1/scripts/tutorial/tutorial_steps.gd,294,capital_port_open,Moving Goods,title,TRUE,,Open Capital Port
step.capital_port_open.body,price-of-everything-0.1/scripts/tutorial/tutorial_steps.gd,295,capital_port_open,Moving Goods,body,TRUE,,Every market export and import also crosses a port. Open Capital Port to inspect the trade charges added there.
step.capital_port_costs.chapter,price-of-everything-0.1/scripts/tutorial/tutorial_steps.gd,307,capital_port_costs,Moving Goods,chapter,TRUE,,Moving Goods
step.capital_port_costs.title,price-of-everything-0.1/scripts/tutorial/tutorial_steps.gd,308,capital_port_costs,Moving Goods,title,TRUE,,Read the port terms
step.capital_port_costs.body,price-of-everything-0.1/scripts/tutorial/tutorial_steps.gd,309,capital_port_costs,Moving Goods,body,TRUE,,"Port charges are based on the market value of what crosses the docks. Throughput congestion can double them, the fee drifts upward each turn, and the standard ad valorem rate rises in the later era. Owning a port halves that rate, but brings upkeep and labour. Always check the live terms rather than assuming yesterday's export or import cost. Press Next."
step.goto_tile.chapter,price-of-everything-0.1/scripts/tutorial/tutorial_steps.gd,319,goto_tile,First Factory,chapter,TRUE,,First Factory
step.goto_tile.title,price-of-everything-0.1/scripts/tutorial/tutorial_steps.gd,320,goto_tile,First Factory,title,TRUE,,Find the factory inland
step.goto_tile.body,price-of-everything-0.1/scripts/tutorial/tutorial_steps.gd,321,goto_tile,First Factory,body,TRUE,,"Let's begin with your first building. Pan (drag) and zoom (scroll) inland a little to find it — look for the white building; white means an NPC owns it, and this one is up for sale. Click it (the Industrial Goods Factory, the one Vandel Glassworks is selling) to open its tile."
step.build_open.chapter,price-of-everything-0.1/scripts/tutorial/tutorial_steps.gd,338,build_open,First Factory,chapter,TRUE,,First Factory
step.build_open.title,price-of-everything-0.1/scripts/tutorial/tutorial_steps.gd,339,build_open,First Factory,title,TRUE,,What would it cost to build one?
step.build_open.body,price-of-everything-0.1/scripts/tutorial/tutorial_steps.gd,340,build_open,First Factory,body,TRUE,,"Before you buy, look at the alternative — building a window factory here from scratch. Open the tile's Build menu."
step.build_pick_recipe.chapter,price-of-everything-0.1/scripts/tutorial/tutorial_steps.gd,351,build_pick_recipe,First Factory,chapter,TRUE,,First Factory
step.build_pick_recipe.title,price-of-everything-0.1/scripts/tutorial/tutorial_steps.gd,352,build_pick_recipe,First Factory,title,TRUE,,Pick what it will build
step.build_pick_recipe.body,price-of-everything-0.1/scripts/tutorial/tutorial_steps.gd,353,build_pick_recipe,First Factory,body,TRUE,,"This is the Build menu. Every building you construct also runs a recipe — you choose it now, and can always change it later. Here's the Industrial Goods Factory: glass + aluminium in, windows out. Click its recipe to price up a build."
step.build_cost.chapter,price-of-everything-0.1/scripts/tutorial/tutorial_steps.gd,365,build_cost,First Factory,chapter,TRUE,,First Factory
step.build_cost.title,price-of-everything-0.1/scripts/tutorial/tutorial_steps.gd,366,build_cost,First Factory,title,TRUE,,Building costs more than buying — for now
step.build_cost.body,price-of-everything-0.1/scripts/tutorial/tutorial_steps.gd,367,build_cost,First Factory,body,TRUE,,"Constructing the factory costs more because we would have to import materials and pay for their transport.\n\nBut purchasing it might be cheaper at the start. If you produce the steel, concrete and frames you need you can make construction dramatically cheaper."
step.build_close_buy.chapter,price-of-everything-0.1/scripts/tutorial/tutorial_steps.gd,375,build_close_buy,First Factory,chapter,TRUE,,First Factory
step.build_close_buy.title,price-of-everything-0.1/scripts/tutorial/tutorial_steps.gd,376,build_close_buy,First Factory,title,TRUE,,Let's buy it instead
step.build_close_buy.body,price-of-everything-0.1/scripts/tutorial/tutorial_steps.gd,377,build_close_buy,First Factory,body,TRUE,,"Now open this tile's Buildings for sale yourself, where Vandel's factory is up for grabs."
step.buy_factory.chapter,price-of-everything-0.1/scripts/tutorial/tutorial_steps.gd,392,buy_factory,First Factory,chapter,TRUE,,First Factory
step.buy_factory.title,price-of-everything-0.1/scripts/tutorial/tutorial_steps.gd,393,buy_factory,First Factory,title,TRUE,,Buy the window factory
step.buy_factory.body,price-of-everything-0.1/scripts/tutorial/tutorial_steps.gd,394,buy_factory,First Factory,body,TRUE,_window_factory_purchase_price(),"The £%d cost to buy it looks like more than to build it, right?\n\nBut within that price comes the first 2 turns of supplies to run the building.\n\nThat means no more transport cost from the port and the building runs the turn after you buy it (assuming power)."
step.recipes_intro.chapter,price-of-everything-0.1/scripts/tutorial/tutorial_steps.gd,410,recipes_intro,First Factory,chapter,TRUE,,First Factory
step.recipes_intro.title,price-of-everything-0.1/scripts/tutorial/tutorial_steps.gd,411,recipes_intro,First Factory,title,TRUE,,This factory runs a window making recipe
step.recipes_intro.body,price-of-everything-0.1/scripts/tutorial/tutorial_steps.gd,412,recipes_intro,First Factory,body,TRUE,,"Window factories consume aluminium for the window frames and glass for the panes. But as you can tell from the two red diagnostic lines, the building can't run. Click next to begin fixing it."
step.diagnose_factory.chapter,price-of-everything-0.1/scripts/tutorial/tutorial_steps.gd,424,diagnose_factory,First Factory,chapter,TRUE,,First Factory
step.diagnose_factory.title,price-of-everything-0.1/scripts/tutorial/tutorial_steps.gd,425,diagnose_factory,First Factory,title,TRUE,,Why isn't it running?
step.diagnose_factory.body,price-of-everything-0.1/scripts/tutorial/tutorial_steps.gd,426,diagnose_factory,First Factory,body,TRUE,,"The red Power row is the blocker: the factory has no electricity, so it's switched off."
step.lay_cable_factory.chapter,price-of-everything-0.1/scripts/tutorial/tutorial_steps.gd,435,lay_cable_factory,Power,chapter,TRUE,,Power
step.lay_cable_factory.title,price-of-everything-0.1/scripts/tutorial/tutorial_steps.gd,436,lay_cable_factory,Power,title,TRUE,,Lay a cable to power it
step.lay_cable_factory.body,price-of-everything-0.1/scripts/tutorial/tutorial_steps.gd,437,lay_cable_factory,Power,body,TRUE,,"Power reaches a building over a physical cable network. In the tile panel's Infrastructure row, click the Cables “+” to lay a cable on this tile."
step.lay_cable_source.chapter,price-of-everything-0.1/scripts/tutorial/tutorial_steps.gd,451,lay_cable_source,Power,chapter,TRUE,,Power
step.lay_cable_source.title,price-of-everything-0.1/scripts/tutorial/tutorial_steps.gd,452,lay_cable_source,Power,title,TRUE,,Buy the cable materials
step.lay_cable_source.body,price-of-everything-0.1/scripts/tutorial/tutorial_steps.gd,453,lay_cable_source,Power,body,TRUE,,Laying a cable needs a few construction materials you don't have on this tile yet. Choose Buy from market to order them and start the cable.
step.run_until_running.chapter,price-of-everything-0.1/scripts/tutorial/tutorial_steps.gd,464,run_until_running,Power,chapter,TRUE,,Power
step.run_until_running.title,price-of-everything-0.1/scripts/tutorial/tutorial_steps.gd,465,run_until_running,Power,title,TRUE,,End turns until it runs
step.run_until_running.body,price-of-everything-0.1/scripts/tutorial/tutorial_steps.gd,466,run_until_running,Power,body,TRUE,,It takes 2 turns for the construction materials to arrive and a 3rd turn to complete. And then the building will make windows. Click 'End turn' a few times until the building runs.
step.transport_redirect_open.chapter,price-of-everything-0.1/scripts/tutorial/tutorial_steps.gd,477,transport_redirect_open,Transport,chapter,TRUE,,Transport
step.transport_redirect_open.title,price-of-everything-0.1/scripts/tutorial/tutorial_steps.gd,478,transport_redirect_open,Transport,title,TRUE,,You choose where output goes
step.transport_redirect_open.body,price-of-everything-0.1/scripts/tutorial/tutorial_steps.gd,479,transport_redirect_open,Transport,body,TRUE,,Selling to the market is only the default. A building can ship its output anywhere you own a stockpile — that's how you'll feed factories from your own mines later. Open your factory's Output destination.
step.transport_redirect_pick.chapter,price-of-everything-0.1/scripts/tutorial/tutorial_steps.gd,494,transport_redirect_pick,Transport,chapter,TRUE,,Transport
step.transport_redirect_pick.title,price-of-everything-0.1/scripts/tutorial/tutorial_steps.gd,495,transport_redirect_pick,Transport,title,TRUE,,Ship the windows overland
step.transport_redirect_pick.body,price-of-everything-0.1/scripts/tutorial/tutorial_steps.gd,496,transport_redirect_pick,Transport,body,TRUE,,"Choose 'Ship to another tile', then click Stoneshore Coast, the non-port tile immediately east of the factory."
step.transport_pentagon_revert.chapter,price-of-everything-0.1/scripts/tutorial/tutorial_steps.gd,520,transport_pentagon_revert,Transport,chapter,TRUE,,Transport
step.transport_pentagon_revert.title,price-of-everything-0.1/scripts/tutorial/tutorial_steps.gd,521,transport_pentagon_revert,Transport,title,TRUE,,Watch the windows arrive
step.transport_pentagon_revert.body,price-of-everything-0.1/scripts/tutorial/tutorial_steps.gd,522,transport_pentagon_revert,Transport,body,TRUE,,Click End Turn until the windows reach the coastal tile east of the factory. This step will continue when the shipment arrives.
step.margin_motivation.chapter,price-of-everything-0.1/scripts/tutorial/tutorial_steps.gd,537,margin_motivation,Integration,chapter,TRUE,,Integration
step.margin_motivation.title,price-of-everything-0.1/scripts/tutorial/tutorial_steps.gd,538,margin_motivation,Integration,title,TRUE,,A wafer-thin margin
step.margin_motivation.body,price-of-everything-0.1/scripts/tutorial/tutorial_steps.gd,539,margin_motivation,Integration,body,TRUE,"[_good_price_text(""windows""), _good_price_text(""windows"")]","Open Cost to Produce. Making windows from bought-in glass and aluminium costs you close to the £%s the market pays per window — a wafer-thin margin, about as good as if you'd simply bought the finished windows instead. That won't outrun the loan sharks. Integration — making your own inputs so your cost per window drops well BELOW £%s — is how you turn that sliver into a real profit and expand."
step.cost_lesson.chapter,price-of-everything-0.1/scripts/tutorial/tutorial_steps.gd,552,cost_lesson,Integration,chapter,TRUE,,Integration
step.cost_lesson.title,price-of-everything-0.1/scripts/tutorial/tutorial_steps.gd,553,cost_lesson,Integration,title,TRUE,,Where the cost goes
step.cost_lesson.body,price-of-everything-0.1/scripts/tutorial/tutorial_steps.gd,554,cost_lesson,Integration,body,TRUE,,"Your cost per unit has a few parts: materials, power, labour, maintenance, transport. Two of them you can INTEGRATE — make your own materials and your own power instead of buying them. Labour and maintenance are fixed per building; only modifiers (research, advisors, labour policies) trim those — you can't build them away."
step.analyse_supply.chapter,price-of-everything-0.1/scripts/tutorial/tutorial_steps.gd,563,analyse_supply,Integration,chapter,TRUE,,Integration
step.analyse_supply.title,price-of-everything-0.1/scripts/tutorial/tutorial_steps.gd,564,analyse_supply,Integration,title,TRUE,,Know your supply chain
step.analyse_supply.body,price-of-everything-0.1/scripts/tutorial/tutorial_steps.gd,565,analyse_supply,Integration,body,TRUE,,"Before you build, understand the chain. This factory needs GLASS and ALUMINIUM. To integrate, you'll make one of those yourself — but first, let's look up how they're made."
step.explore_encyclopedia.chapter,price-of-everything-0.1/scripts/tutorial/tutorial_steps.gd,574,explore_encyclopedia,Integration,chapter,TRUE,,Integration
step.explore_encyclopedia.title,price-of-everything-0.1/scripts/tutorial/tutorial_steps.gd,575,explore_encyclopedia,Integration,title,TRUE,,Look it up in the Encyclopedia
step.explore_encyclopedia.body,price-of-everything-0.1/scripts/tutorial/tutorial_steps.gd,576,explore_encyclopedia,Integration,body,TRUE,,"This is the Encyclopedia — press X any time to open it. Search 'glass' (made in a Furnace from sand, and there's sand on your board) and 'aluminium' (smelted in a Furnace). Have a look, then press Next."
step.close_encyclopedia.chapter,price-of-everything-0.1/scripts/tutorial/tutorial_steps.gd,585,close_encyclopedia,Integration,chapter,TRUE,,Integration
step.close_encyclopedia.title,price-of-everything-0.1/scripts/tutorial/tutorial_steps.gd,586,close_encyclopedia,Integration,title,TRUE,,Close the Encyclopedia
step.close_encyclopedia.body,price-of-everything-0.1/scripts/tutorial/tutorial_steps.gd,587,close_encyclopedia,Integration,body,TRUE,,Press Esc to close any panel — like the Encyclopedia. That clears the map so you can build.
step.revenue_settle.chapter,price-of-everything-0.1/scripts/tutorial/tutorial_steps.gd,599,revenue_settle,Money,chapter,TRUE,,Money
step.revenue_settle.title,price-of-everything-0.1/scripts/tutorial/tutorial_steps.gd,600,revenue_settle,Money,title,TRUE,,Watch the shipment sell
step.revenue_settle.body,price-of-everything-0.1/scripts/tutorial/tutorial_steps.gd,601,revenue_settle,Money,body,TRUE,,"Your output is on its way to market, but revenue only lands when it arrives. Keep pressing End Turn and watch the shipment travel; this step will continue as soon as the sale goes through."
step.money_open.chapter,price-of-everything-0.1/scripts/tutorial/tutorial_steps.gd,613,money_open,Money,chapter,TRUE,,Money
step.money_open.title,price-of-everything-0.1/scripts/tutorial/tutorial_steps.gd,614,money_open,Money,title,TRUE,,Where the money actually goes
step.money_open.body,price-of-everything-0.1/scripts/tutorial/tutorial_steps.gd,615,money_open,Money,body,TRUE,,"Your factory is earning. Before you spend any of it, learn to read the books — every decision from here is really a question about this panel. Click your balance in the top-left corner to open it."
step.money_primer.chapter,price-of-everything-0.1/scripts/tutorial/tutorial_steps.gd,626,money_primer,Money,chapter,TRUE,,Money
step.money_primer.title,price-of-everything-0.1/scripts/tutorial/tutorial_steps.gd,627,money_primer,Money,title,TRUE,,Reading the books
step.money_primer.body,price-of-everything-0.1/scripts/tutorial/tutorial_steps.gd,629,money_primer,Money,body,TRUE,,"Every pound in and out, each turn. Revenue is what your goods sold for. OPERATING COSTS is your maintenance plus wages — the standing cost of simply owning the place, which you pay whether it produces or not. Everything below that is itemised: power bought, transport, goods purchased, warehousing, interest, tax and dividends. Net last turn is the whole lot netted off. For the full ledger, open Balance."
step.money_primer.targets[0].label,price-of-everything-0.1/scripts/tutorial/tutorial_steps.gd,631,money_primer,Money,target_label,TRUE,,Everything you have to spend right now
step.money_primer.targets[1].label,price-of-everything-0.1/scripts/tutorial/tutorial_steps.gd,632,money_primer,Money,target_label,TRUE,,Last turn's profit — revenue minus every cost below
step.money_primer.targets[2].label,price-of-everything-0.1/scripts/tutorial/tutorial_steps.gd,633,money_primer,Money,target_label,TRUE,,"Full itemised ledger, if you want the detail"
step.money_primer.targets[3].label,price-of-everything-0.1/scripts/tutorial/tutorial_steps.gd,634,money_primer,Money,target_label,TRUE,,Borrow against future earnings
step.money_primer.hints[0],price-of-everything-0.1/scripts/tutorial/tutorial_steps.gd,637,money_primer,Money,hint,TRUE,,Revenue minus costs is the number that decides whether you're winning
step.money_primer.hints[1],price-of-everything-0.1/scripts/tutorial/tutorial_steps.gd,638,money_primer,Money,hint,TRUE,,Press Esc to close any panel
step.money_take_loan.chapter,price-of-everything-0.1/scripts/tutorial/tutorial_steps.gd,650,money_take_loan,Money,chapter,TRUE,,Money
step.money_take_loan.title,price-of-everything-0.1/scripts/tutorial/tutorial_steps.gd,651,money_take_loan,Money,title,TRUE,,Borrow to grow
step.money_take_loan.body,price-of-everything-0.1/scripts/tutorial/tutorial_steps.gd,652,money_take_loan,Money,body,TRUE,"[TUTORIAL_LOAN_AMOUNT, TUTORIAL_LOAN_AMOUNT]","Waiting to save up is the slowest way to play. Borrow £%d for the integration you are about to build. Press Take loan — that opens the Loans tab — then set the amount to £%d and confirm. Nothing is locked while you do it, so take your time."
step.money_loan_terms.chapter,price-of-everything-0.1/scripts/tutorial/tutorial_steps.gd,667,money_loan_terms,Money,chapter,TRUE,,Money
step.money_loan_terms.title,price-of-everything-0.1/scripts/tutorial/tutorial_steps.gd,668,money_loan_terms,Money,title,TRUE,,The terms of the loan
step.money_loan_terms.body,price-of-everything-0.1/scripts/tutorial/tutorial_steps.gd,669,money_loan_terms,Money,body,TRUE,"[ EconomyConfig.LOAN_GRACE_TURNS, EconomyConfig.LOAN_TERM_TURNS, int(round(EconomyConfig.LOAN_INTEREST_RATE * 100.0))]","Nothing is due for the first %d turns — that's your grace period, and it's the window to turn the money into something that earns. After it, the loan converts and you repay over %d turns, with interest of %d%% across the term. Plan for the repayment landing before it starts, not after."
step.buy_land.chapter,price-of-everything-0.1/scripts/tutorial/tutorial_steps.gd,682,buy_land,Integration,chapter,TRUE,,Integration
step.buy_land.title,price-of-everything-0.1/scripts/tutorial/tutorial_steps.gd,683,buy_land,Integration,title,TRUE,,Buy the land to build on
step.buy_land.body,price-of-everything-0.1/scripts/tutorial/tutorial_steps.gd,684,buy_land,Integration,body,TRUE,"[ _land_lesson_shortfall(), int(MatchState.LAND_PATCH_COST), MatchState.LAND_PATCH_SIZE]","One more thing before you build: every building needs land YOU own. Your factory came with its own plot, but a furnace or smelter needs room of its own. On the factory tile's land rail, click Buy Land and buy at least %d — land is cheap (£%d per %d units), and the bracket on the size chart shows what you own."
step.choose_integration.chapter,price-of-everything-0.1/scripts/tutorial/tutorial_steps.gd,700,choose_integration,Integration,chapter,TRUE,,Integration
step.choose_integration.title,price-of-everything-0.1/scripts/tutorial/tutorial_steps.gd,701,choose_integration,Integration,title,TRUE,,Two ways integration pays
step.choose_integration.body,price-of-everything-0.1/scripts/tutorial/tutorial_steps.gd,702,choose_integration,Integration,body,TRUE,"_recipe_input_qty(""r_056"", ""glass"")","Pick one to make yourself. GLASS is your biggest input — %d units per window run — and cheaper to make than to buy, so integrating it flips you into profit. That's the play, and research can push it further. Or ALUMINIUM, the smaller input: a smelter makes more than you need and the surplus sells each turn — a taste of a new revenue line, though glass is where the real money is."
step.choose_integration.choices[0].label,price-of-everything-0.1/scripts/tutorial/tutorial_steps.gd,706,choose_integration,Integration,choice_label,TRUE,,Cut costs: make glass
step.choose_integration.choices[1].label,price-of-everything-0.1/scripts/tutorial/tutorial_steps.gd,707,choose_integration,Integration,choice_label,TRUE,,New income: make aluminium
step.build_glass_open.chapter,price-of-everything-0.1/scripts/tutorial/tutorial_steps.gd,714,build_glass_open,Integration · Margin,chapter,TRUE,,Integration · Margin
step.build_glass_open.title,price-of-everything-0.1/scripts/tutorial/tutorial_steps.gd,715,build_glass_open,Integration · Margin,title,TRUE,,Build a glass furnace
step.build_glass_open.body,price-of-everything-0.1/scripts/tutorial/tutorial_steps.gd,716,build_glass_open,Integration · Margin,body,TRUE,,"Build the furnace right here, on your factory's own tile. Making glass on-site means it's consumed where it's made — no shipping, no wobbling market top-up, a flat input bill. One catch: glassmaking needs a hazardous liquid the docks pipe in — we'll sort that out. Open the build tile and click Build."
step.build_glass_recipe.chapter,price-of-everything-0.1/scripts/tutorial/tutorial_steps.gd,730,build_glass_recipe,Integration · Margin,chapter,TRUE,,Integration · Margin
step.build_glass_recipe.title,price-of-everything-0.1/scripts/tutorial/tutorial_steps.gd,731,build_glass_recipe,Integration · Margin,title,TRUE,,Pick Industrial Glassmaking
step.build_glass_recipe.body,price-of-everything-0.1/scripts/tutorial/tutorial_steps.gd,732,build_glass_recipe,Integration · Margin,body,TRUE,,A Furnace can make lots of things — click the highlighted Industrial Glassmaking recipe.
step.build_glass_confirm.chapter,price-of-everything-0.1/scripts/tutorial/tutorial_steps.gd,744,build_glass_confirm,Integration · Margin,chapter,TRUE,,Integration · Margin
step.build_glass_confirm.title,price-of-everything-0.1/scripts/tutorial/tutorial_steps.gd,745,build_glass_confirm,Integration · Margin,title,TRUE,,Confirm the build
step.build_glass_confirm.body,price-of-everything-0.1/scripts/tutorial/tutorial_steps.gd,746,build_glass_confirm,Integration · Margin,body,TRUE,,The panel prices the furnace up on this tile. Press Confirm to start construction right here.
step.build_glass_source.chapter,price-of-everything-0.1/scripts/tutorial/tutorial_steps.gd,757,build_glass_source,Integration · Margin,chapter,TRUE,,Integration · Margin
step.build_glass_source.title,price-of-everything-0.1/scripts/tutorial/tutorial_steps.gd,758,build_glass_source,Integration · Margin,title,TRUE,,Buy the build materials
step.build_glass_source.body,price-of-everything-0.1/scripts/tutorial/tutorial_steps.gd,759,build_glass_source,Integration · Margin,body,TRUE,,"You don't have the furnace's build kit on this tile yet. Choose Buy from market and construct — later, you could produce these materials yourself too."
step.glass_sell.chapter,price-of-everything-0.1/scripts/tutorial/tutorial_steps.gd,770,glass_sell,Integration · Margin,chapter,TRUE,,Integration · Margin
step.glass_sell.title,price-of-everything-0.1/scripts/tutorial/tutorial_steps.gd,771,glass_sell,Integration · Margin,title,TRUE,,Turn windows into cash
step.glass_sell.body,price-of-everything-0.1/scripts/tutorial/tutorial_steps.gd,772,glass_sell,Integration · Margin,body,TRUE,,"Your furnace takes a couple of turns to build, and until it feeds the factory your margin stays wafer-thin. Don't let finished windows pile up — switch on 'Sell all Surplus every turn' on the factory tile. Each turn it ships them to market for cash while you integrate."
step.glass_wait_built.chapter,price-of-everything-0.1/scripts/tutorial/tutorial_steps.gd,784,glass_wait_built,Integration · Margin,chapter,TRUE,,Integration · Margin
step.glass_wait_built.title,price-of-everything-0.1/scripts/tutorial/tutorial_steps.gd,785,glass_wait_built,Integration · Margin,title,TRUE,,End turns until the furnace is built
step.glass_wait_built.body,price-of-everything-0.1/scripts/tutorial/tutorial_steps.gd,786,glass_wait_built,Integration · Margin,body,TRUE,,"Keep pressing End Turn while the furnace goes up — a couple of turns. Once it's finished, we'll see why it still can't make a single sheet of glass."
step.glass_diagnose_pipe.chapter,price-of-everything-0.1/scripts/tutorial/tutorial_steps.gd,797,glass_diagnose_pipe,Integration · Margin,chapter,TRUE,,Integration · Margin
step.glass_diagnose_pipe.title,price-of-everything-0.1/scripts/tutorial/tutorial_steps.gd,798,glass_diagnose_pipe,Integration · Margin,title,TRUE,,Built — but starved
step.glass_diagnose_pipe.body,price-of-everything-0.1/scripts/tutorial/tutorial_steps.gd,799,glass_diagnose_pipe,Integration · Margin,body,TRUE,,"The furnace is up and wired for power, and its sand and limestone come in from the docks. But read Diagnostics: 'No input Reinforced Pipeline'. Glassmaking also needs sodium hydroxide — a hazardous liquid that can't travel by road or rail. It moves ONLY through a reinforced pipe, and nothing yet connects the furnace to the docks."
step.glass_lay_pipe.chapter,price-of-everything-0.1/scripts/tutorial/tutorial_steps.gd,808,glass_lay_pipe,Integration · Margin,chapter,TRUE,,Integration · Margin
step.glass_lay_pipe.title,price-of-everything-0.1/scripts/tutorial/tutorial_steps.gd,809,glass_lay_pipe,Integration · Margin,title,TRUE,,Lay a reinforced pipe
step.glass_lay_pipe.body,price-of-everything-0.1/scripts/tutorial/tutorial_steps.gd,810,glass_lay_pipe,Integration · Margin,body,TRUE,,"Stoneshore Docks already has a reinforced-pipe terminal where hazardous liquids come ashore. Connect your furnace to it: in the tile panel's Infrastructure row, click the Reinf. pipes ""+"" to lay a reinforced pipe on this tile."
step.glass_run.chapter,price-of-everything-0.1/scripts/tutorial/tutorial_steps.gd,822,glass_run,Integration · Margin,chapter,TRUE,,Integration · Margin
step.glass_run.title,price-of-everything-0.1/scripts/tutorial/tutorial_steps.gd,823,glass_run,Integration · Margin,title,TRUE,,Let the profit settle
step.glass_run.body,price-of-everything-0.1/scripts/tutorial/tutorial_steps.gd,824,glass_run,Integration · Margin,body,TRUE,,"The pipe is being laid, and the furnace will now send its glass to the tile stockpile for the window factory. Press End Turn twice so the new supply chain has two full turns to settle."
step.glass_profit.chapter,price-of-everything-0.1/scripts/tutorial/tutorial_steps.gd,841,glass_profit,Integration · Margin,chapter,TRUE,,Integration · Margin
step.glass_profit.title,price-of-everything-0.1/scripts/tutorial/tutorial_steps.gd,842,glass_profit,Integration · Margin,title,TRUE,,Profit after integration: {profit}
step.glass_profit.body,price-of-everything-0.1/scripts/tutorial/tutorial_steps.gd,843,glass_profit,Integration · Margin,body,TRUE,,"Your last settled turn made {profit}. Bringing glass in-house improved the margin, but we can do better. Next, unlock a more efficient glass recipe."
step.glass_research.chapter,price-of-everything-0.1/scripts/tutorial/tutorial_steps.gd,855,glass_research,Integration · Research,chapter,TRUE,,Integration · Research
step.glass_research.title,price-of-everything-0.1/scripts/tutorial/tutorial_steps.gd,856,glass_research,Integration · Research,title,TRUE,,Unlock High Strength Glassmaking
step.glass_research.body,price-of-everything-0.1/scripts/tutorial/tutorial_steps.gd,857,glass_research,Integration · Research,body,TRUE,,"Open Research (the microscope on the bottom bar — shortcut R), click 'Choose Free Unlocks', then find and unlock 'High Strength Glassmaking' (under Inorganic Chemistry — it has no prerequisites)."
step.glass_upgrade.chapter,price-of-everything-0.1/scripts/tutorial/tutorial_steps.gd,868,glass_upgrade,Integration · Research,chapter,TRUE,,Integration · Research
step.glass_upgrade.title,price-of-everything-0.1/scripts/tutorial/tutorial_steps.gd,869,glass_upgrade,Integration · Research,title,TRUE,,Switch recipes — your turn
step.glass_upgrade.body,price-of-everything-0.1/scripts/tutorial/tutorial_steps.gd,870,glass_upgrade,Integration · Research,body,TRUE,,"Unlocked! Now do it yourself, no hand-holding. Close the Research panel (press R again, or Esc), then find your factory tile and click it, select the Furnace, press 'Change recipe' and pick High Strength Glassmaking. Confirm the retool — it pauses the furnace a few turns — then End Turn until it's running the new recipe. Watch the profit jump."
step.build_alu_open.chapter,price-of-everything-0.1/scripts/tutorial/tutorial_steps.gd,885,build_alu_open,Integration · Revenue,chapter,TRUE,,Integration · Revenue
step.build_alu_open.title,price-of-everything-0.1/scripts/tutorial/tutorial_steps.gd,886,build_alu_open,Integration · Revenue,title,TRUE,,Build an aluminium smelter
step.build_alu_open.body,price-of-everything-0.1/scripts/tutorial/tutorial_steps.gd,887,build_alu_open,Integration · Revenue,body,TRUE,"[ _recipe_output_qty(""r_050""), _recipe_input_qty(""r_056"", ""aluminium""), maxi(0, _recipe_output_qty(""r_050"") - _recipe_input_qty(""r_056"", ""aluminium"")), ]","A smelter makes %d aluminium a turn — your factory needs %d, and the surplus %d sells each turn. Build it right here on your factory's tile: co-located, its output feeds the factory on-site with no shipping. We will improve this base process once it is running. Open the build tile and click Build."
step.build_alu_recipe.chapter,price-of-everything-0.1/scripts/tutorial/tutorial_steps.gd,905,build_alu_recipe,Integration · Revenue,chapter,TRUE,,Integration · Revenue
step.build_alu_recipe.title,price-of-everything-0.1/scripts/tutorial/tutorial_steps.gd,906,build_alu_recipe,Integration · Revenue,title,TRUE,,Pick Aluminium (Hall Heroult) Smelting
step.build_alu_recipe.body,price-of-everything-0.1/scripts/tutorial/tutorial_steps.gd,907,build_alu_recipe,Integration · Revenue,body,TRUE,,Start with the highlighted Aluminium (Hall Heroult) Smelting recipe. It will get aluminium flowing; later we will unlock a better Furnace process and switch this same building over.
step.build_alu_confirm.chapter,price-of-everything-0.1/scripts/tutorial/tutorial_steps.gd,919,build_alu_confirm,Integration · Revenue,chapter,TRUE,,Integration · Revenue
step.build_alu_confirm.title,price-of-everything-0.1/scripts/tutorial/tutorial_steps.gd,920,build_alu_confirm,Integration · Revenue,title,TRUE,,Confirm the build
step.build_alu_confirm.body,price-of-everything-0.1/scripts/tutorial/tutorial_steps.gd,921,build_alu_confirm,Integration · Revenue,body,TRUE,,Press Confirm to start the smelter on this tile.
step.build_alu_source.chapter,price-of-everything-0.1/scripts/tutorial/tutorial_steps.gd,932,build_alu_source,Integration · Revenue,chapter,TRUE,,Integration · Revenue
step.build_alu_source.title,price-of-everything-0.1/scripts/tutorial/tutorial_steps.gd,933,build_alu_source,Integration · Revenue,title,TRUE,,Buy the build materials
step.build_alu_source.body,price-of-everything-0.1/scripts/tutorial/tutorial_steps.gd,934,build_alu_source,Integration · Revenue,body,TRUE,,"Choose Buy from market and construct. Once it runs, it smelts more aluminium than the factory needs — the surplus sells each turn. (Aluminium's the smaller input, though: glass is where the real profit lives.)"
step.sell_windows.chapter,price-of-everything-0.1/scripts/tutorial/tutorial_steps.gd,945,sell_windows,Integration · Margin,chapter,TRUE,,Integration · Margin
step.sell_windows.title,price-of-everything-0.1/scripts/tutorial/tutorial_steps.gd,946,sell_windows,Integration · Margin,title,TRUE,,Turn windows into cash
step.sell_windows.body,price-of-everything-0.1/scripts/tutorial/tutorial_steps.gd,947,sell_windows,Integration · Margin,body,TRUE,,"Your new building takes a few turns to construct, and until it helps your margin stays wafer-thin. Don't let finished windows pile up — switch on 'Sell all Surplus every turn' on the factory tile. Each turn it ships them to market, turning them into cash while you integrate."
step.alu_wait_built.chapter,price-of-everything-0.1/scripts/tutorial/tutorial_steps.gd,959,alu_wait_built,Integration · Revenue,chapter,TRUE,,Integration · Revenue
step.alu_wait_built.title,price-of-everything-0.1/scripts/tutorial/tutorial_steps.gd,960,alu_wait_built,Integration · Revenue,title,TRUE,,End turns until the smelter is built
step.alu_wait_built.body,price-of-everything-0.1/scripts/tutorial/tutorial_steps.gd,961,alu_wait_built,Integration · Revenue,body,TRUE,,"Keep pressing End Turn while the smelter goes up. Once it is finished, we can get its base process running and feed the factory."
step.alu_run_base.chapter,price-of-everything-0.1/scripts/tutorial/tutorial_steps.gd,972,alu_run_base,Integration · Revenue,chapter,TRUE,,Integration · Revenue
step.alu_run_base.title,price-of-everything-0.1/scripts/tutorial/tutorial_steps.gd,973,alu_run_base,Integration · Revenue,title,TRUE,,Let the base smelter run
step.alu_run_base.body,price-of-everything-0.1/scripts/tutorial/tutorial_steps.gd,974,alu_run_base,Integration · Revenue,body,TRUE,,Keep pressing End Turn until the smelter reads Running. The Hall Heroult process can now feed the factory and sell its surplus.
step.alu_output_check.chapter,price-of-everything-0.1/scripts/tutorial/tutorial_steps.gd,985,alu_output_check,Integration · Revenue,chapter,TRUE,,Integration · Revenue
step.alu_output_check.title,price-of-everything-0.1/scripts/tutorial/tutorial_steps.gd,986,alu_output_check,Integration · Revenue,title,TRUE,,Feed the factory before selling the surplus
step.alu_output_check.body,price-of-everything-0.1/scripts/tutorial/tutorial_steps.gd,987,alu_output_check,Integration · Revenue,body,TRUE,,"New buildings send output to the Market by default. In the smelter panel, open Output destination and switch it to Tile stockpile. The window factory can then take its aluminium on-site; only the excess becomes surplus for sale. Once it is routed, we'll give the chain two turns to settle."
step.alu_base_settle.chapter,price-of-everything-0.1/scripts/tutorial/tutorial_steps.gd,999,alu_base_settle,Integration · Revenue,chapter,TRUE,,Integration · Revenue
step.alu_base_settle.title,price-of-everything-0.1/scripts/tutorial/tutorial_steps.gd,1000,alu_base_settle,Integration · Revenue,title,TRUE,,Let the supply chain settle
step.alu_base_settle.body,price-of-everything-0.1/scripts/tutorial/tutorial_steps.gd,1001,alu_base_settle,Integration · Revenue,body,TRUE,,Press End Turn twice so the smelter can feed the window factory and the new margin can stabilise. Then we'll look at Research.
step.alu_research.chapter,price-of-everything-0.1/scripts/tutorial/tutorial_steps.gd,1015,alu_research,Integration · Research,chapter,TRUE,,Integration · Research
step.alu_research.title,price-of-everything-0.1/scripts/tutorial/tutorial_steps.gd,1016,alu_research,Integration · Research,title,TRUE,,We can improve our margins
step.alu_research.body,price-of-everything-0.1/scripts/tutorial/tutorial_steps.gd,1017,alu_research,Integration · Research,body,TRUE,,Let's improve our margins. Open the Research panel. There has to be a better way to make Aluminium.
step.alu_research_search.chapter,price-of-everything-0.1/scripts/tutorial/tutorial_steps.gd,1028,alu_research_search,Integration · Research,chapter,TRUE,,Integration · Research
step.alu_research_search.title,price-of-everything-0.1/scripts/tutorial/tutorial_steps.gd,1029,alu_research_search,Integration · Research,title,TRUE,,Search for aluminium
step.alu_research_search.body,price-of-everything-0.1/scripts/tutorial/tutorial_steps.gd,1030,alu_research_search,Integration · Research,body,TRUE,,Use the Research search box and type aluminium. The highlighted Bauxite Carbochlorination process is the lower-temperature Furnace route we want.
step.alu_research_condition.chapter,price-of-everything-0.1/scripts/tutorial/tutorial_steps.gd,1043,alu_research_condition,Integration · Research,chapter,TRUE,,Integration · Research
step.alu_research_condition.title,price-of-everything-0.1/scripts/tutorial/tutorial_steps.gd,1044,alu_research_condition,Integration · Research,title,TRUE,,Read the condition
step.alu_research_condition.body,price-of-everything-0.1/scripts/tutorial/tutorial_steps.gd,1045,alu_research_condition,Integration · Research,body,TRUE,,"The normal unlock condition is Produce 300 Chlorine and 400 Aluminium. It replaces some of the Hall Heroult inputs with bauxite, graphite and chlorine, using less energy."
step.alu_research_unlock.chapter,price-of-everything-0.1/scripts/tutorial/tutorial_steps.gd,1054,alu_research_unlock,Integration · Research,chapter,TRUE,,Integration · Research
step.alu_research_unlock.title,price-of-everything-0.1/scripts/tutorial/tutorial_steps.gd,1055,alu_research_unlock,Integration · Research,title,TRUE,,Use your free unlock
step.alu_research_unlock.body,price-of-everything-0.1/scripts/tutorial/tutorial_steps.gd,1056,alu_research_unlock,Integration · Research,body,TRUE,,But we have a free unlock from our brilliant researchers. Go ahead and unlock the highlighted Bauxite Carbochlorination research.
step.alu_upgrade.chapter,price-of-everything-0.1/scripts/tutorial/tutorial_steps.gd,1068,alu_upgrade,Integration · Research,chapter,TRUE,,Integration · Research
step.alu_upgrade.title,price-of-everything-0.1/scripts/tutorial/tutorial_steps.gd,1069,alu_upgrade,Integration · Research,title,TRUE,,Switch recipes — your turn
step.alu_upgrade.body,price-of-everything-0.1/scripts/tutorial/tutorial_steps.gd,1070,alu_upgrade,Integration · Research,body,TRUE,,"Unlocked! Close the Research panel (press R again, or Esc), find your smelter and press Change recipe. Pick Bauxite Carbochlorination, confirm the retool, then End Turn until the change completes. We will connect its chlorine supply next."
step.alu_diagnose_pipe.chapter,price-of-everything-0.1/scripts/tutorial/tutorial_steps.gd,1082,alu_diagnose_pipe,Integration · Revenue,chapter,TRUE,,Integration · Revenue
step.alu_diagnose_pipe.title,price-of-everything-0.1/scripts/tutorial/tutorial_steps.gd,1083,alu_diagnose_pipe,Integration · Revenue,title,TRUE,,Pipes
step.alu_diagnose_pipe.body,price-of-everything-0.1/scripts/tutorial/tutorial_steps.gd,1084,alu_diagnose_pipe,Integration · Revenue,body,TRUE,,Pipelines can transport gases and liquids easier and cheaper than road or rail. It also decongests your roads and rail. The retool is complete. Press End Turn twice more so the new recipe can run and its costs can settle.
step.alu_lay_pipe.chapter,price-of-everything-0.1/scripts/tutorial/tutorial_steps.gd,1095,alu_lay_pipe,Integration · Revenue,chapter,TRUE,,Integration · Revenue
step.alu_lay_pipe.title,price-of-everything-0.1/scripts/tutorial/tutorial_steps.gd,1096,alu_lay_pipe,Integration · Revenue,title,TRUE,,Lay the reinforced pipe
step.alu_lay_pipe.body,price-of-everything-0.1/scripts/tutorial/tutorial_steps.gd,1097,alu_lay_pipe,Integration · Revenue,body,TRUE,,"Connect the smelter to Stoneshore Docks: in the tile panel's Infrastructure row, click the Reinf. pipes ""+"" to lay a reinforced pipe on this tile."
step.alu_final_run.chapter,price-of-everything-0.1/scripts/tutorial/tutorial_steps.gd,1109,alu_final_run,Integration · Revenue,chapter,TRUE,,Integration · Revenue
step.alu_final_run.title,price-of-everything-0.1/scripts/tutorial/tutorial_steps.gd,1110,alu_final_run,Integration · Revenue,title,TRUE,,Let the lower cost feed through
step.alu_final_run.body,price-of-everything-0.1/scripts/tutorial/tutorial_steps.gd,1111,alu_final_run,Integration · Revenue,body,TRUE,,Press End Turn twice. The first turn finishes the pipe and starts the new recipe; the second lets its lower cost feed through the chain.
step.alu_profit.chapter,price-of-everything-0.1/scripts/tutorial/tutorial_steps.gd,1123,alu_profit,Integration · Revenue,chapter,TRUE,,Integration · Revenue
step.alu_profit.title,price-of-everything-0.1/scripts/tutorial/tutorial_steps.gd,1124,alu_profit,Integration · Revenue,title,TRUE,,Profit after the new recipe: {profit}
step.alu_profit.body,price-of-everything-0.1/scripts/tutorial/tutorial_steps.gd,1125,alu_profit,Integration · Revenue,body,TRUE,,"Your last settled turn made {profit}. The cheaper recipe has now fed through the chain. Compare Net last turn with the costs beneath it, then click Next."
step.alu_profit.targets[0].label,price-of-everything-0.1/scripts/tutorial/tutorial_steps.gd,1129,alu_profit,Integration · Revenue,target_label,TRUE,,Profit after every cost
step.advisors_intro.chapter,price-of-everything-0.1/scripts/tutorial/tutorial_steps.gd,1141,advisors_intro,Advisors,chapter,TRUE,,Advisors
step.advisors_intro.title,price-of-everything-0.1/scripts/tutorial/tutorial_steps.gd,1142,advisors_intro,Advisors,title,TRUE,,You can't run all of it yourself
step.advisors_intro.body,price-of-everything-0.1/scripts/tutorial/tutorial_steps.gd,1143,advisors_intro,Advisors,body,TRUE,,"One last lever, and it's the one players forget. Open People on the bottom bar (shortcut P). Advisors is the first tab. (The Council badge in the top bar only lists advisors you have already hired, so it's empty until you do.)"
step.advisors_explain.chapter,price-of-everything-0.1/scripts/tutorial/tutorial_steps.gd,1154,advisors_explain,Advisors,chapter,TRUE,,Advisors
step.advisors_explain.title,price-of-everything-0.1/scripts/tutorial/tutorial_steps.gd,1155,advisors_explain,Advisors,title,TRUE,,"These are the positions, not the people"
step.advisors_explain.body,price-of-everything-0.1/scripts/tutorial/tutorial_steps.gd,1156,advisors_explain,Advisors,body,TRUE,,"Every row here is a SEAT you can fill, and each seat pulls on a different part of the business. A CFO wants someone good with numbers — they manage your loans and your tax bill better than you will. A COO wants someone process-driven — they bring down labour and maintenance, the two costs you cannot integrate away. The same person is rarely right for both, so read the seat first and the candidate second. Look through the rest of the positions after the tutorial to see what each one governs."
step.advisors_inspect.chapter,price-of-everything-0.1/scripts/tutorial/tutorial_steps.gd,1165,advisors_inspect,Advisors,chapter,TRUE,,Advisors
step.advisors_inspect.title,price-of-everything-0.1/scripts/tutorial/tutorial_steps.gd,1166,advisors_inspect,Advisors,title,TRUE,,Inspect what a candidate brings
step.advisors_inspect.body,price-of-everything-0.1/scripts/tutorial/tutorial_steps.gd,1167,advisors_inspect,Advisors,body,TRUE,,"Click + Add new advisor, then open a candidate's profile and choose a position. Read the WHAT THEY BRING bonuses — they change with the position you select, so this is where you decide which lever to improve."
step.advisors_hire.chapter,price-of-everything-0.1/scripts/tutorial/tutorial_steps.gd,1179,advisors_hire,Advisors,chapter,TRUE,,Advisors
step.advisors_hire.title,price-of-everything-0.1/scripts/tutorial/tutorial_steps.gd,1180,advisors_hire,Advisors,title,TRUE,,Choose any seat and hire them
step.advisors_hire.body,price-of-everything-0.1/scripts/tutorial/tutorial_steps.gd,1181,advisors_hire,Advisors,body,TRUE,,"Now choose whichever available seat you want in the Assign to row, then Hire & assign. There is no prescribed answer: the seat determines the bonus, and the candidate determines how strongly they deliver it. Their effect starts next turn."
step.advisors_effect.chapter,price-of-everything-0.1/scripts/tutorial/tutorial_steps.gd,1195,advisors_effect,Advisors,chapter,TRUE,,Advisors
step.advisors_effect.title,price-of-everything-0.1/scripts/tutorial/tutorial_steps.gd,1196,advisors_effect,Advisors,title,TRUE,,Watch what it moves
step.advisors_effect.body,price-of-everything-0.1/scripts/tutorial/tutorial_steps.gd,1197,advisors_effect,Advisors,body,TRUE,,"Seated. End a turn and open the money panel again — the line their seat governs will have shifted. That's the whole game in one habit: change something, then go and read the number it was supposed to move. You know how to buy, build, connect, integrate, research, borrow and staff. The rest is yours."
step.integration_done.chapter,price-of-everything-0.1/scripts/tutorial/tutorial_steps.gd,1206,integration_done,Tutorial,chapter,TRUE,,Tutorial
step.integration_done.title,price-of-everything-0.1/scripts/tutorial/tutorial_steps.gd,1207,integration_done,Tutorial,title,TRUE,,Tutorial complete
step.integration_done.body,price-of-everything-0.1/scripts/tutorial/tutorial_steps.gd,1208,integration_done,Tutorial,body,TRUE,,This tutorial has give you all the basic tools to get on in Carbon and Capital. You can continue playing this tutorial. The victory conditions will now be reenabled after bringing you to a more... reasonable bank balance.
step.build_own_power.chapter,price-of-everything-0.1/scripts/tutorial/tutorial_steps.gd,1330,build_own_power,Integration · Power,chapter,FALSE,,Integration · Power
step.build_own_power.title,price-of-everything-0.1/scripts/tutorial/tutorial_steps.gd,1331,build_own_power,Integration · Power,title,FALSE,,Build your own power plant
step.build_own_power.body,price-of-everything-0.1/scripts/tutorial/tutorial_steps.gd,1332,build_own_power,Integration · Power,body,FALSE,,Renting grid power costs money every turn. Build a Coal Power Plant on the highlighted tile and generate your own — flipping the factory from grid power to your own supply. (Deeper still: mine your own coal + pump your own water below so even the plant's fuel is in-house.)
step.survey_stub.chapter,price-of-everything-0.1/scripts/tutorial/tutorial_steps.gd,1346,survey_stub,Integration · Fuel,chapter,FALSE,,Integration · Fuel
step.survey_stub.title,price-of-everything-0.1/scripts/tutorial/tutorial_steps.gd,1347,survey_stub,Integration · Fuel,title,FALSE,,Survey for coal
step.survey_stub.body,price-of-everything-0.1/scripts/tutorial/tutorial_steps.gd,1348,survey_stub,Integration · Fuel,body,FALSE,,That hill is unsurveyed — you can't see what's under it. Enter Surveying and survey it. (A survey takes 2 turns.)
step.build_coal_mine.chapter,price-of-everything-0.1/scripts/tutorial/tutorial_steps.gd,1362,build_coal_mine,Integration · Fuel,chapter,FALSE,,Integration · Fuel
step.build_coal_mine.title,price-of-everything-0.1/scripts/tutorial/tutorial_steps.gd,1363,build_coal_mine,Integration · Fuel,title,FALSE,,Mine your own coal
step.build_coal_mine.body,price-of-everything-0.1/scripts/tutorial/tutorial_steps.gd,1364,build_coal_mine,Integration · Fuel,body,FALSE,,Coal! Build a Mine on the hill to dig your own fuel for the power plant — cheaper than buying it off the market every turn.
